,Well,Sample,SampleType,Ct,WormNumber,Line,Strain,Species,start,passage,days.on.plate,inf
1,E12,FCY1,strip,Inf,1,FCY1,JU1580,elegans,5/10/2022 14:00,5/16/2022 9:00,5.791666667,0
2,F1,FCY1,strip,Inf,1,FCY1,JU1580,elegans,5/10/2022 14:00,5/16/2022 9:00,5.791666667,0
3,F2,FCY1,strip,Inf,1,FCY1,JU1580,elegans,5/10/2022 14:00,5/16/2022 9:00,5.791666667,0
4,F3,FCY1,strip,Inf,2,FCY1,JU1580,elegans,5/10/2022 14:00,5/16/2022 9:00,5.791666667,0
5,F4,FCY1,strip,Inf,2,FCY1,JU1580,elegans,5/10/2022 14:00,5/16/2022 9:00,5.791666667,0
6,F5,FCY1,strip,Inf,2,FCY1,JU1580,elegans,5/10/2022 14:00,5/16/2022 9:00,5.791666667,0
7,F6,FCY1,strip,Inf,3,FCY1,JU1580,elegans,5/10/2022 14:00,5/16/2022 9:00,5.791666667,0
8,F7,FCY1,strip,Inf,3,FCY1,JU1580,elegans,5/10/2022 14:00,5/16/2022 9:00,5.791666667,0
9,F8,FCY1,strip,Inf,3,FCY1,JU1580,elegans,5/10/2022 14:00,5/16/2022 9:00,5.791666667,0
10,F9,FCY1,strip,Inf,3,FCY1,JU1580,elegans,5/10/2022 14:00,5/16/2022 9:00,5.791666667,0
11,F10,FCY1,strip,Inf,3,FCY1,JU1580,elegans,5/10/2022 14:00,5/16/2022 9:00,5.791666667,0
12,F11,FCY1,strip,Inf,3,FCY1,JU1580,elegans,5/10/2022 14:00,5/16/2022 9:00,5.791666667,0
13,F12,FCY1,strip,Inf,3,FCY1,JU1580,elegans,5/10/2022 14:00,5/16/2022 9:00,5.791666667,0
14,G1,FCY1,strip,Inf,3,FCY1,JU1580,elegans,5/10/2022 14:00,5/16/2022 9:00,5.791666667,0
15,G2,FCY1,strip,Inf,3,FCY1,JU1580,elegans,5/10/2022 14:00,5/16/2022 9:00,5.791666667,0
16,G3,FCY14,strip,Inf,0,FCY14,JU1873,wallacei,5/10/2022 14:00,5/16/2022 9:00,5.791666667,0
17,G4,FCY14,strip,35.6936,1,FCY14,JU1873,wallacei,5/10/2022 14:00,5/16/2022 9:00,5.791666667,1
18,G5,FCY14,strip,Inf,1,FCY14,JU1873,wallacei,5/10/2022 14:00,5/16/2022 9:00,5.791666667,0
19,G6,FCY14,strip,Inf,1,FCY14,JU1873,wallacei,5/10/2022 14:00,5/16/2022 9:00,5.791666667,0
20,G7,FCY14,strip,Inf,2,FCY14,JU1873,wallacei,5/10/2022 14:00,5/16/2022 9:00,5.791666667,0
21,G8,FCY14,strip,Inf,2,FCY14,JU1873,wallacei,5/10/2022 14:00,5/16/2022 9:00,5.791666667,0
22,G9,FCY14,strip,Inf,2,FCY14,JU1873,wallacei,5/10/2022 14:00,5/16/2022 9:00,5.791666667,0
23,G10,FCY14,strip,35.978,3,FCY14,JU1873,wallacei,5/10/2022 14:00,5/16/2022 9:00,5.791666667,1
24,G11,FCY14,strip,27.6087,3,FCY14,JU1873,wallacei,5/10/2022 14:00,5/16/2022 9:00,5.791666667,1
25,G12,FCY14,strip,Inf,3,FCY14,JU1873,wallacei,5/10/2022 14:00,5/16/2022 9:00,5.791666667,0
26,H1,FCY14,strip,21.4261,3,FCY14,JU1873,wallacei,5/10/2022 14:00,5/16/2022 9:00,5.791666667,1
27,H2,FCY14,strip,30.1248,3,FCY14,JU1873,wallacei,5/10/2022 14:00,5/16/2022 9:00,5.791666667,1
28,H3,FCY14,strip,19.6856,3,FCY14,JU1873,wallacei,5/10/2022 14:00,5/16/2022 9:00,5.791666667,1
29,H4,FCY14,strip,34.8018,3,FCY14,JU1873,wallacei,5/10/2022 14:00,5/16/2022 9:00,5.791666667,1
30,H5,FCY14,strip,Inf,3,FCY14,JU1873,wallacei,5/10/2022 14:00,5/16/2022 9:00,5.791666667,0
31,H6,FCY14,strip,35.0302,3,FCY14,JU1873,wallacei,5/10/2022 14:00,5/16/2022 9:00,5.791666667,1
32,A2,FCY13,strip,Inf,0,FCY13,JU1873,wallacei,5/10/2022 14:00,5/16/2022 9:00,5.791666667,0
33,A3,FCY13,strip,Inf,3,FCY13,JU1873,wallacei,5/10/2022 14:00,5/16/2022 9:00,5.791666667,0
34,A4,FCY11,strip,Inf,0,FCY11,JU1873,wallacei,5/10/2022 14:00,5/16/2022 9:00,5.791666667,0
35,A5,FCY11,strip,36,3,FCY11,JU1873,wallacei,5/10/2022 14:00,5/16/2022 9:00,5.791666667,1
36,A6,FCY2,strip,Inf,0,FCY2,JU1580,elegans,5/10/2022 14:00,5/16/2022 9:00,5.791666667,0
37,A7,FCY2,strip,18.4863,3,FCY2,JU1580,elegans,5/10/2022 14:00,5/16/2022 9:00,5.791666667,1
38,A8,FCY7,strip,Inf,0,FCY7,JU4093,sp.66,5/10/2022 14:00,5/17/2022 8:20,6.763888889,0
39,A9,FCY7,strip,Inf,3,FCY7,JU4093,sp.66,5/10/2022 14:00,5/17/2022 8:20,6.763888889,0
40,A10,FCY24,strip,Inf,0,FCY24,JU1857,macrosperma,5/10/2022 14:00,5/17/2022 8:20,6.763888889,0
41,A11,FCY24,strip,Inf,3,FCY24,JU1857,macrosperma,5/10/2022 14:00,5/17/2022 8:20,6.763888889,0
42,A12,FCY5,strip,Inf,0,FCY5,ZF1092,sp.25,5/10/2022 14:00,5/17/2022 8:20,6.763888889,0
43,B2,FCY13,strip,Inf,1,FCY13,JU1873,wallacei,5/10/2022 14:00,5/16/2022 9:00,5.791666667,0
44,B3,FCY13,strip,Inf,3,FCY13,JU1873,wallacei,5/10/2022 14:00,5/16/2022 9:00,5.791666667,0
45,B4,FCY11,strip,Inf,1,FCY11,JU1873,wallacei,5/10/2022 14:00,5/16/2022 9:00,5.791666667,0
46,B5,FCY11,strip,Inf,3,FCY11,JU1873,wallacei,5/10/2022 14:00,5/16/2022 9:00,5.791666667,0
47,B6,FCY2,strip,21.8606,1,FCY2,JU1580,elegans,5/10/2022 14:00,5/16/2022 9:00,5.791666667,1
48,B7,FCY2,strip,18.531,3,FCY2,JU1580,elegans,5/10/2022 14:00,5/16/2022 9:00,5.791666667,1
49,B8,FCY7,strip,Inf,1,FCY7,JU4093,sp.66,5/10/2022 14:00,5/17/2022 8:20,6.763888889,0
50,B9,FCY7,strip,Inf,3,FCY7,JU4093,sp.66,5/10/2022 14:00,5/17/2022 8:20,6.763888889,0
51,B10,FCY24,strip,28.2608,1,FCY24,JU1857,macrosperma,5/10/2022 14:00,5/17/2022 8:20,6.763888889,1
52,B11,FCY24,strip,35.7648,3,FCY24,JU1857,macrosperma,5/10/2022 14:00,5/17/2022 8:20,6.763888889,1
53,B12,FCY5,strip,Inf,1,FCY5,ZF1092,sp.25,5/10/2022 14:00,5/17/2022 8:20,6.763888889,0
54,C2,FCY13,strip,Inf,1,FCY13,JU1873,wallacei,5/10/2022 14:00,5/16/2022 9:00,5.791666667,0
55,C3,FCY13,strip,25.6815,3,FCY13,JU1873,wallacei,5/10/2022 14:00,5/16/2022 9:00,5.791666667,1
56,C4,FCY11,strip,Inf,1,FCY11,JU1873,wallacei,5/10/2022 14:00,5/16/2022 9:00,5.791666667,0
57,C5,FCY11,strip,Inf,3,FCY11,JU1873,wallacei,5/10/2022 14:00,5/16/2022 9:00,5.791666667,0
58,C6,FCY2,strip,19.7089,1,FCY2,JU1580,elegans,5/10/2022 14:00,5/16/2022 9:00,5.791666667,1
59,C7,FCY2,strip,19.7309,3,FCY2,JU1580,elegans,5/10/2022 14:00,5/16/2022 9:00,5.791666667,1
60,C8,FCY7,strip,Inf,1,FCY7,JU4093,sp.66,5/10/2022 14:00,5/17/2022 8:20,6.763888889,0
61,C9,FCY7,strip,Inf,3,FCY7,JU4093,sp.66,5/10/2022 14:00,5/17/2022 8:20,6.763888889,0
62,C10,FCY24,strip,Inf,1,FCY24,JU1857,macrosperma,5/10/2022 14:00,5/17/2022 8:20,6.763888889,0
63,C11,FCY24,strip,Inf,3,FCY24,JU1857,macrosperma,5/10/2022 14:00,5/17/2022 8:20,6.763888889,0
64,C12,FCY5,strip,Inf,1,FCY5,ZF1092,sp.25,5/10/2022 14:00,5/17/2022 8:20,6.763888889,0
65,D2,FCY13,strip,Inf,1,FCY13,JU1873,wallacei,5/10/2022 14:00,5/16/2022 9:00,5.791666667,0
66,D3,FCY13,strip,Inf,3,FCY13,JU1873,wallacei,5/10/2022 14:00,5/16/2022 9:00,5.791666667,0
67,D4,FCY11,strip,Inf,1,FCY11,JU1873,wallacei,5/10/2022 14:00,5/16/2022 9:00,5.791666667,0
68,D5,FCY11,strip,Inf,3,FCY11,JU1873,wallacei,5/10/2022 14:00,5/16/2022 9:00,5.791666667,0
69,D6,FCY2,strip,31.0604,1,FCY2,JU1580,elegans,5/10/2022 14:00,5/16/2022 9:00,5.791666667,1
70,D7,FCY2,strip,17.8447,3,FCY2,JU1580,elegans,5/10/2022 14:00,5/16/2022 9:00,5.791666667,1
71,D8,FCY7,strip,Inf,1,FCY7,JU4093,sp.66,5/10/2022 14:00,5/17/2022 8:20,6.763888889,0
72,D9,FCY7,strip,Inf,3,FCY7,JU4093,sp.66,5/10/2022 14:00,5/17/2022 8:20,6.763888889,0
73,D10,FCY24,strip,Inf,1,FCY24,JU1857,macrosperma,5/10/2022 14:00,5/17/2022 8:20,6.763888889,0
74,D11,FCY24,strip,17.4476,3,FCY24,JU1857,macrosperma,5/10/2022 14:00,5/17/2022 8:20,6.763888889,1
75,D12,FCY5,strip,35.7687,1,FCY5,ZF1092,sp.25,5/10/2022 14:00,5/17/2022 8:20,6.763888889,1
76,E2,FCY13,strip,Inf,2,FCY13,JU1873,wallacei,5/10/2022 14:00,5/16/2022 9:00,5.791666667,0
77,E3,FCY13,strip,Inf,3,FCY13,JU1873,wallacei,5/10/2022 14:00,5/16/2022 9:00,5.791666667,0
78,E4,FCY11,strip,Inf,2,FCY11,JU1873,wallacei,5/10/2022 14:00,5/16/2022 9:00,5.791666667,0
79,E5,FCY11,strip,33.6001,3,FCY11,JU1873,wallacei,5/10/2022 14:00,5/16/2022 9:00,5.791666667,1
80,E6,FCY2,strip,25.8574,2,FCY2,JU1580,elegans,5/10/2022 14:00,5/16/2022 9:00,5.791666667,1
81,E7,FCY2,strip,20.4923,3,FCY2,JU1580,elegans,5/10/2022 14:00,5/16/2022 9:00,5.791666667,1
82,E8,FCY7,strip,24.9489,2,FCY7,JU4093,sp.66,5/10/2022 14:00,5/17/2022 8:20,6.763888889,1
83,E9,FCY7,strip,17.7823,3,FCY7,JU4093,sp.66,5/10/2022 14:00,5/17/2022 8:20,6.763888889,1
84,E10,FCY24,strip,35.6577,2,FCY24,JU1857,macrosperma,5/10/2022 14:00,5/17/2022 8:20,6.763888889,1
85,E11,FCY24,strip,29.8763,3,FCY24,JU1857,macrosperma,5/10/2022 14:00,5/17/2022 8:20,6.763888889,1
86,E12,FCY5,strip,Inf,2,FCY5,ZF1092,sp.25,5/10/2022 14:00,5/17/2022 8:20,6.763888889,0
87,F2,FCY13,strip,Inf,2,FCY13,JU1873,wallacei,5/10/2022 14:00,5/16/2022 9:00,5.791666667,0
88,F3,FCY13,strip,34.6134,3,FCY13,JU1873,wallacei,5/10/2022 14:00,5/16/2022 9:00,5.791666667,1
89,F4,FCY11,strip,Inf,2,FCY11,JU1873,wallacei,5/10/2022 14:00,5/16/2022 9:00,5.791666667,0
90,F5,FCY11,strip,32.2518,3,FCY11,JU1873,wallacei,5/10/2022 14:00,5/16/2022 9:00,5.791666667,1
91,F6,FCY2,strip,24.3394,2,FCY2,JU1580,elegans,5/10/2022 14:00,5/16/2022 9:00,5.791666667,1
92,F7,FCY2,strip,18.2809,3,FCY2,JU1580,elegans,5/10/2022 14:00,5/16/2022 9:00,5.791666667,1
93,F8,FCY7,strip,Inf,2,FCY7,JU4093,sp.66,5/10/2022 14:00,5/17/2022 8:20,6.763888889,0
94,F9,FCY7,strip,20.4029,3,FCY7,JU4093,sp.66,5/10/2022 14:00,5/17/2022 8:20,6.763888889,1
95,F10,FCY24,strip,Inf,2,FCY24,JU1857,macrosperma,5/10/2022 14:00,5/17/2022 8:20,6.763888889,0
96,F11,FCY24,strip,Inf,3,FCY24,JU1857,macrosperma,5/10/2022 14:00,5/17/2022 8:20,6.763888889,0
97,F12,FCY5,strip,Inf,2,FCY5,ZF1092,sp.25,5/10/2022 14:00,5/17/2022 8:20,6.763888889,0
98,G2,FCY13,strip,Inf,2,FCY13,JU1873,wallacei,5/10/2022 14:00,5/16/2022 9:00,5.791666667,0
99,G3,FCY13,strip,Inf,3,FCY13,JU1873,wallacei,5/10/2022 14:00,5/16/2022 9:00,5.791666667,0
100,G4,FCY11,strip,Inf,2,FCY11,JU1873,wallacei,5/10/2022 14:00,5/16/2022 9:00,5.791666667,0
101,G5,FCY11,strip,27.234,3,FCY11,JU1873,wallacei,5/10/2022 14:00,5/16/2022 9:00,5.791666667,1
102,G6,FCY2,strip,18.0706,2,FCY2,JU1580,elegans,5/10/2022 14:00,5/16/2022 9:00,5.791666667,1
103,G7,FCY2,strip,14.8117,3,FCY2,JU1580,elegans,5/10/2022 14:00,5/16/2022 9:00,5.791666667,1
104,G8,FCY7,strip,Inf,2,FCY7,JU4093,sp.66,5/10/2022 14:00,5/17/2022 8:20,6.763888889,0
105,G9,FCY7,strip,Inf,3,FCY7,JU4093,sp.66,5/10/2022 14:00,5/17/2022 8:20,6.763888889,0
106,G10,FCY24,strip,Inf,2,FCY24,JU1857,macrosperma,5/10/2022 14:00,5/17/2022 8:20,6.763888889,0
107,G11,FCY24,strip,Inf,3,FCY24,JU1857,macrosperma,5/10/2022 14:00,5/17/2022 8:20,6.763888889,0
108,G12,FCY5,strip,Inf,2,FCY5,ZF1092,sp.25,5/10/2022 14:00,5/17/2022 8:20,6.763888889,0
109,H2,FCY13,strip,Inf,3,FCY13,JU1873,wallacei,5/10/2022 14:00,5/16/2022 9:00,5.791666667,0
110,H3,FCY13,strip,Inf,3,FCY13,JU1873,wallacei,5/10/2022 14:00,5/16/2022 9:00,5.791666667,0
111,H4,FCY11,strip,Inf,3,FCY11,JU1873,wallacei,5/10/2022 14:00,5/16/2022 9:00,5.791666667,0
112,H5,FCY11,strip,Inf,3,FCY11,JU1873,wallacei,5/10/2022 14:00,5/16/2022 9:00,5.791666667,0
113,H6,FCY2,strip,27.2254,3,FCY2,JU1580,elegans,5/10/2022 14:00,5/16/2022 9:00,5.791666667,1
114,H7,FCY2,strip,17.3836,3,FCY2,JU1580,elegans,5/10/2022 14:00,5/16/2022 9:00,5.791666667,1
115,H8,FCY7,strip,Inf,3,FCY7,JU4093,sp.66,5/10/2022 14:00,5/17/2022 8:20,6.763888889,0
116,H9,FCY7,strip,18.8013,3,FCY7,JU4093,sp.66,5/10/2022 14:00,5/17/2022 8:20,6.763888889,1
117,H10,FCY24,strip,22.1865,3,FCY24,JU1857,macrosperma,5/10/2022 14:00,5/17/2022 8:20,6.763888889,1
118,H11,FCY24,strip,Inf,3,FCY24,JU1857,macrosperma,5/10/2022 14:00,5/17/2022 8:20,6.763888889,0
119,H12,FCY5,strip,Inf,3,FCY5,ZF1092,sp.25,5/10/2022 14:00,5/17/2022 8:20,6.763888889,0
120,A2,FCY5,strip,30.5566,3,FCY5,ZF1092,sp.25,5/10/2022 14:00,5/17/2022 8:20,6.763888889,1
121,A3,FCY12,strip,Inf,0,FCY12,JU1873,wallacei,5/10/2022 14:00,5/17/2022 8:20,6.763888889,0
122,A4,FCY12,strip,Inf,3,FCY12,JU1873,wallacei,5/10/2022 14:00,5/17/2022 8:20,6.763888889,0
123,A5,FCY9,strip,Inf,0,FCY9,JU4093,sp.66,5/10/2022 14:00,5/17/2022 8:20,6.763888889,0
124,A6,FCY9,strip,36,3,FCY9,JU4093,sp.66,5/10/2022 14:00,5/17/2022 8:20,6.763888889,1
125,A7,FCY10,strip,Inf,0,FCY10,JU4093,sp.66,5/10/2022 14:00,5/17/2022 8:20,6.763888889,0
126,A8,FCY10,strip,Inf,3,FCY10,JU4093,sp.66,5/10/2022 14:00,5/17/2022 8:20,6.763888889,0
127,A9,FCY23,strip,Inf,0,FCY23,JU1857,macrosperma,5/10/2022 14:00,5/17/2022 12:15,6.927083333,0
128,A10,FCY23,strip,Inf,3,FCY23,JU1857,macrosperma,5/10/2022 14:00,5/17/2022 12:15,6.927083333,0
129,A11,FCY8,strip,Inf,0,FCY8,JU4093,sp.66,5/10/2022 14:00,5/17/2022 12:15,6.927083333,0
130,A12,FCY8,strip,Inf,3,FCY8,JU4093,sp.66,5/10/2022 14:00,5/17/2022 12:15,6.927083333,0
131,B2,FCY5,strip,Inf,3,FCY5,ZF1092,sp.25,5/10/2022 14:00,5/17/2022 8:20,6.763888889,0
132,B3,FCY12,strip,Inf,1,FCY12,JU1873,wallacei,5/10/2022 14:00,5/17/2022 8:20,6.763888889,0
133,B4,FCY12,strip,35.9384,3,FCY12,JU1873,wallacei,5/10/2022 14:00,5/17/2022 8:20,6.763888889,1
134,B5,FCY9,strip,Inf,1,FCY9,JU4093,sp.66,5/10/2022 14:00,5/17/2022 8:20,6.763888889,0
135,B6,FCY9,strip,Inf,3,FCY9,JU4093,sp.66,5/10/2022 14:00,5/17/2022 8:20,6.763888889,0
136,B7,FCY10,strip,Inf,1,FCY10,JU4093,sp.66,5/10/2022 14:00,5/17/2022 8:20,6.763888889,0
137,B8,FCY10,strip,Inf,3,FCY10,JU4093,sp.66,5/10/2022 14:00,5/17/2022 8:20,6.763888889,0
138,B9,FCY23,strip,Inf,1,FCY23,JU1857,macrosperma,5/10/2022 14:00,5/17/2022 12:15,6.927083333,0
139,B10,FCY23,strip,Inf,3,FCY23,JU1857,macrosperma,5/10/2022 14:00,5/17/2022 12:15,6.927083333,0
140,B11,FCY8,strip,20.1875,1,FCY8,JU4093,sp.66,5/10/2022 14:00,5/17/2022 12:15,6.927083333,1
141,B12,FCY8,strip,Inf,3,FCY8,JU4093,sp.66,5/10/2022 14:00,5/17/2022 12:15,6.927083333,0
142,C2,FCY5,strip,33.4597,3,FCY5,ZF1092,sp.25,5/10/2022 14:00,5/17/2022 8:20,6.763888889,1
143,C3,FCY12,strip,Inf,1,FCY12,JU1873,wallacei,5/10/2022 14:00,5/17/2022 8:20,6.763888889,0
144,C4,FCY12,strip,Inf,3,FCY12,JU1873,wallacei,5/10/2022 14:00,5/17/2022 8:20,6.763888889,0
145,C5,FCY9,strip,34.1475,1,FCY9,JU4093,sp.66,5/10/2022 14:00,5/17/2022 8:20,6.763888889,1
146,C6,FCY9,strip,Inf,3,FCY9,JU4093,sp.66,5/10/2022 14:00,5/17/2022 8:20,6.763888889,0
147,C7,FCY10,strip,Inf,1,FCY10,JU4093,sp.66,5/10/2022 14:00,5/17/2022 8:20,6.763888889,0
148,C8,FCY10,strip,Inf,3,FCY10,JU4093,sp.66,5/10/2022 14:00,5/17/2022 8:20,6.763888889,0
149,C9,FCY23,strip,Inf,1,FCY23,JU1857,macrosperma,5/10/2022 14:00,5/17/2022 12:15,6.927083333,0
150,C10,FCY23,strip,Inf,3,FCY23,JU1857,macrosperma,5/10/2022 14:00,5/17/2022 12:15,6.927083333,0
151,C11,FCY8,strip,Inf,1,FCY8,JU4093,sp.66,5/10/2022 14:00,5/17/2022 12:15,6.927083333,0
152,C12,FCY8,strip,31.4081,3,FCY8,JU4093,sp.66,5/10/2022 14:00,5/17/2022 12:15,6.927083333,1
153,D2,FCY5,strip,35.5846,3,FCY5,ZF1092,sp.25,5/10/2022 14:00,5/17/2022 8:20,6.763888889,1
154,D3,FCY12,strip,Inf,1,FCY12,JU1873,wallacei,5/10/2022 14:00,5/17/2022 8:20,6.763888889,0
155,D4,FCY12,strip,35.7333,3,FCY12,JU1873,wallacei,5/10/2022 14:00,5/17/2022 8:20,6.763888889,1
156,D5,FCY9,strip,Inf,1,FCY9,JU4093,sp.66,5/10/2022 14:00,5/17/2022 8:20,6.763888889,0
157,D6,FCY9,strip,Inf,3,FCY9,JU4093,sp.66,5/10/2022 14:00,5/17/2022 8:20,6.763888889,0
158,D7,FCY10,strip,Inf,1,FCY10,JU4093,sp.66,5/10/2022 14:00,5/17/2022 8:20,6.763888889,0
159,D8,FCY10,strip,Inf,3,FCY10,JU4093,sp.66,5/10/2022 14:00,5/17/2022 8:20,6.763888889,0
160,D9,FCY23,strip,34.6761,1,FCY23,JU1857,macrosperma,5/10/2022 14:00,5/17/2022 12:15,6.927083333,1
161,D10,FCY23,strip,Inf,3,FCY23,JU1857,macrosperma,5/10/2022 14:00,5/17/2022 12:15,6.927083333,0
162,D11,FCY8,strip,Inf,1,FCY8,JU4093,sp.66,5/10/2022 14:00,5/17/2022 12:15,6.927083333,0
163,D12,FCY8,strip,Inf,3,FCY8,JU4093,sp.66,5/10/2022 14:00,5/17/2022 12:15,6.927083333,0
164,E2,FCY5,strip,Inf,3,FCY5,ZF1092,sp.25,5/10/2022 14:00,5/17/2022 8:20,6.763888889,0
165,E3,FCY12,strip,31.9843,2,FCY12,JU1873,wallacei,5/10/2022 14:00,5/17/2022 8:20,6.763888889,1
166,E4,FCY12,strip,35.7573,3,FCY12,JU1873,wallacei,5/10/2022 14:00,5/17/2022 8:20,6.763888889,1
167,E5,FCY9,strip,Inf,2,FCY9,JU4093,sp.66,5/10/2022 14:00,5/17/2022 8:20,6.763888889,0
168,E6,FCY9,strip,Inf,3,FCY9,JU4093,sp.66,5/10/2022 14:00,5/17/2022 8:20,6.763888889,0
169,E7,FCY10,strip,Inf,2,FCY10,JU4093,sp.66,5/10/2022 14:00,5/17/2022 8:20,6.763888889,0
170,E8,FCY10,strip,Inf,3,FCY10,JU4093,sp.66,5/10/2022 14:00,5/17/2022 8:20,6.763888889,0
171,E9,FCY23,strip,Inf,2,FCY23,JU1857,macrosperma,5/10/2022 14:00,5/17/2022 12:15,6.927083333,0
172,E10,FCY23,strip,35.6093,3,FCY23,JU1857,macrosperma,5/10/2022 14:00,5/17/2022 12:15,6.927083333,1
173,E11,FCY8,strip,27.4049,2,FCY8,JU4093,sp.66,5/10/2022 14:00,5/17/2022 12:15,6.927083333,1
174,E12,FCY8,strip,33.7859,3,FCY8,JU4093,sp.66,5/10/2022 14:00,5/17/2022 12:15,6.927083333,1
175,F2,FCY5,strip,Inf,3,FCY5,ZF1092,sp.25,5/10/2022 14:00,5/17/2022 8:20,6.763888889,0
176,F3,FCY12,strip,19.3211,2,FCY12,JU1873,wallacei,5/10/2022 14:00,5/17/2022 8:20,6.763888889,1
177,F4,FCY12,strip,Inf,3,FCY12,JU1873,wallacei,5/10/2022 14:00,5/17/2022 8:20,6.763888889,0
178,F5,FCY9,strip,Inf,2,FCY9,JU4093,sp.66,5/10/2022 14:00,5/17/2022 8:20,6.763888889,0
179,F6,FCY9,strip,Inf,3,FCY9,JU4093,sp.66,5/10/2022 14:00,5/17/2022 8:20,6.763888889,0
180,F7,FCY10,strip,Inf,2,FCY10,JU4093,sp.66,5/10/2022 14:00,5/17/2022 8:20,6.763888889,0
181,F8,FCY10,strip,Inf,3,FCY10,JU4093,sp.66,5/10/2022 14:00,5/17/2022 8:20,6.763888889,0
182,F9,FCY23,strip,35.6757,2,FCY23,JU1857,macrosperma,5/10/2022 14:00,5/17/2022 12:15,6.927083333,1
183,F10,FCY23,strip,Inf,3,FCY23,JU1857,macrosperma,5/10/2022 14:00,5/17/2022 12:15,6.927083333,0
184,F11,FCY8,strip,Inf,2,FCY8,JU4093,sp.66,5/10/2022 14:00,5/17/2022 12:15,6.927083333,0
185,F12,FCY8,strip,Inf,3,FCY8,JU4093,sp.66,5/10/2022 14:00,5/17/2022 12:15,6.927083333,0
186,G2,FCY5,strip,Inf,3,FCY5,ZF1092,sp.25,5/10/2022 14:00,5/17/2022 8:20,6.763888889,0
187,G3,FCY12,strip,Inf,2,FCY12,JU1873,wallacei,5/10/2022 14:00,5/17/2022 8:20,6.763888889,0
188,G4,FCY12,strip,Inf,3,FCY12,JU1873,wallacei,5/10/2022 14:00,5/17/2022 8:20,6.763888889,0
189,G5,FCY9,strip,Inf,2,FCY9,JU4093,sp.66,5/10/2022 14:00,5/17/2022 8:20,6.763888889,0
190,G6,FCY9,strip,Inf,3,FCY9,JU4093,sp.66,5/10/2022 14:00,5/17/2022 8:20,6.763888889,0
191,G7,FCY10,strip,Inf,2,FCY10,JU4093,sp.66,5/10/2022 14:00,5/17/2022 8:20,6.763888889,0
192,G8,FCY10,strip,Inf,3,FCY10,JU4093,sp.66,5/10/2022 14:00,5/17/2022 8:20,6.763888889,0
193,G9,FCY23,strip,28.2413,2,FCY23,JU1857,macrosperma,5/10/2022 14:00,5/17/2022 12:15,6.927083333,1
194,G10,FCY23,strip,31.6479,3,FCY23,JU1857,macrosperma,5/10/2022 14:00,5/17/2022 12:15,6.927083333,1
195,G11,FCY8,strip,Inf,2,FCY8,JU4093,sp.66,5/10/2022 14:00,5/17/2022 12:15,6.927083333,0
196,G12,FCY8,strip,Inf,3,FCY8,JU4093,sp.66,5/10/2022 14:00,5/17/2022 12:15,6.927083333,0
197,H2,FCY5,strip,Inf,3,FCY5,ZF1092,sp.25,5/10/2022 14:00,5/17/2022 8:20,6.763888889,0
198,H3,FCY12,strip,Inf,3,FCY12,JU1873,wallacei,5/10/2022 14:00,5/17/2022 8:20,6.763888889,0
199,H4,FCY12,strip,Inf,3,FCY12,JU1873,wallacei,5/10/2022 14:00,5/17/2022 8:20,6.763888889,0
200,H5,FCY9,strip,Inf,3,FCY9,JU4093,sp.66,5/10/2022 14:00,5/17/2022 8:20,6.763888889,0
201,H6,FCY9,strip,Inf,3,FCY9,JU4093,sp.66,5/10/2022 14:00,5/17/2022 8:20,6.763888889,0
202,H7,FCY10,strip,Inf,3,FCY10,JU4093,sp.66,5/10/2022 14:00,5/17/2022 8:20,6.763888889,0
203,H8,FCY10,strip,Inf,3,FCY10,JU4093,sp.66,5/10/2022 14:00,5/17/2022 8:20,6.763888889,0
204,H9,FCY23,strip,35.6311,3,FCY23,JU1857,macrosperma,5/10/2022 14:00,5/17/2022 12:15,6.927083333,1
205,H10,FCY23,strip,26.5306,3,FCY23,JU1857,macrosperma,5/10/2022 14:00,5/17/2022 12:15,6.927083333,1
206,H11,FCY8,strip,Inf,3,FCY8,JU4093,sp.66,5/10/2022 14:00,5/17/2022 12:15,6.927083333,0
207,H12,FCY8,strip,Inf,3,FCY8,JU4093,sp.66,5/10/2022 14:00,5/17/2022 12:15,6.927083333,0
208,A4,FCY34,strip,Inf,0,FCY34,JU1428,tropicalis,5/10/2022 14:00,5/17/2022 12:15,6.927083333,0
209,A5,FCY34,strip,Inf,3,FCY34,JU1428,tropicalis,5/10/2022 14:00,5/17/2022 12:15,6.927083333,0
210,A6,FCY22,strip,Inf,0,FCY22,SB454,sulstoni,5/10/2022 14:00,5/17/2022 12:15,6.927083333,0
211,A7,FCY19,strip,Inf,0,FCY19,SB454,sulstoni,5/10/2022 14:00,5/17/2022 12:15,6.927083333,0
212,A8,FCY32,strip,Inf,0,FCY32,JU1428,tropicalis,5/10/2022 14:00,5/17/2022 12:15,6.927083333,0
213,A9,FCY32,strip,23.9206,3,FCY32,JU1428,tropicalis,5/10/2022 14:00,5/17/2022 12:15,6.927083333,1
214,A10,FCY16,strip,Inf,0,FCY16,JU724,latens,5/10/2022 14:00,5/18/2022 8:30,7.770833333,0
215,A11,FCY16,strip,Inf,3,FCY16,JU724,latens,5/10/2022 14:00,5/18/2022 8:30,7.770833333,0
216,A12,FCY6,strip,Inf,0,FCY6,ZF1092,sp.25,5/10/2022 14:00,5/18/2022 8:30,7.770833333,0
217,B4,FCY34,strip,Inf,1,FCY34,JU1428,tropicalis,5/10/2022 14:00,5/17/2022 12:15,6.927083333,0
218,B5,FCY34,strip,36,3,FCY34,JU1428,tropicalis,5/10/2022 14:00,5/17/2022 12:15,6.927083333,1
219,B6,FCY22,strip,Inf,1,FCY22,SB454,sulstoni,5/10/2022 14:00,5/17/2022 12:15,6.927083333,0
220,B7,FCY19,strip,16.7668,1,FCY19,SB454,sulstoni,5/10/2022 14:00,5/17/2022 12:15,6.927083333,1
221,B8,FCY32,strip,26.3557,1,FCY32,JU1428,tropicalis,5/10/2022 14:00,5/17/2022 12:15,6.927083333,1
222,B9,FCY32,strip,34.9495,3,FCY32,JU1428,tropicalis,5/10/2022 14:00,5/17/2022 12:15,6.927083333,1
223,B10,FCY16,strip,Inf,1,FCY16,JU724,latens,5/10/2022 14:00,5/18/2022 8:30,7.770833333,0
224,B11,FCY16,strip,35.6576,3,FCY16,JU724,latens,5/10/2022 14:00,5/18/2022 8:30,7.770833333,1
225,B12,FCY6,strip,Inf,1,FCY6,ZF1092,sp.25,5/10/2022 14:00,5/18/2022 8:30,7.770833333,0
226,C4,FCY34,strip,Inf,1,FCY34,JU1428,tropicalis,5/10/2022 14:00,5/17/2022 12:15,6.927083333,0
227,C5,FCY34,strip,34.4025,3,FCY34,JU1428,tropicalis,5/10/2022 14:00,5/17/2022 12:15,6.927083333,1
228,C6,FCY22,strip,27.2394,1,FCY22,SB454,sulstoni,5/10/2022 14:00,5/17/2022 12:15,6.927083333,1
229,C7,FCY19,strip,Inf,1,FCY19,SB454,sulstoni,5/10/2022 14:00,5/17/2022 12:15,6.927083333,0
230,C8,FCY32,strip,Inf,1,FCY32,JU1428,tropicalis,5/10/2022 14:00,5/17/2022 12:15,6.927083333,0
231,C9,FCY32,strip,Inf,3,FCY32,JU1428,tropicalis,5/10/2022 14:00,5/17/2022 12:15,6.927083333,0
232,C10,FCY16,strip,Inf,1,FCY16,JU724,latens,5/10/2022 14:00,5/18/2022 8:30,7.770833333,0
233,C11,FCY16,strip,Inf,3,FCY16,JU724,latens,5/10/2022 14:00,5/18/2022 8:30,7.770833333,0
234,C12,FCY6,strip,Inf,1,FCY6,ZF1092,sp.25,5/10/2022 14:00,5/18/2022 8:30,7.770833333,0
235,D1,FCY6,strip,Inf,3,FCY6,ZF1092,sp.25,5/10/2022 14:00,5/18/2022 8:30,7.770833333,0
236,D4,FCY34,strip,26.9839,1,FCY34,JU1428,tropicalis,5/10/2022 14:00,5/17/2022 12:15,6.927083333,1
237,D5,FCY34,strip,Inf,3,FCY34,JU1428,tropicalis,5/10/2022 14:00,5/17/2022 12:15,6.927083333,0
238,D6,FCY22,strip,28.1892,1,FCY22,SB454,sulstoni,5/10/2022 14:00,5/17/2022 12:15,6.927083333,1
239,D7,FCY19,strip,24.5959,1,FCY19,SB454,sulstoni,5/10/2022 14:00,5/17/2022 12:15,6.927083333,1
240,D8,FCY32,strip,Inf,1,FCY32,JU1428,tropicalis,5/10/2022 14:00,5/17/2022 12:15,6.927083333,0
241,D9,FCY32,strip,Inf,3,FCY32,JU1428,tropicalis,5/10/2022 14:00,5/17/2022 12:15,6.927083333,0
242,D10,FCY16,strip,Inf,1,FCY16,JU724,latens,5/10/2022 14:00,5/18/2022 8:30,7.770833333,0
243,D11,FCY16,strip,Inf,3,FCY16,JU724,latens,5/10/2022 14:00,5/18/2022 8:30,7.770833333,0
244,D12,FCY6,strip,Inf,1,FCY6,ZF1092,sp.25,5/10/2022 14:00,5/18/2022 8:30,7.770833333,0
245,E3,FCY6,strip,Inf,3,FCY6,ZF1092,sp.25,5/10/2022 14:00,5/18/2022 8:30,7.770833333,0
246,E4,FCY34,strip,23.9568,2,FCY34,JU1428,tropicalis,5/10/2022 14:00,5/17/2022 12:15,6.927083333,1
247,E5,FCY34,strip,35.7993,3,FCY34,JU1428,tropicalis,5/10/2022 14:00,5/17/2022 12:15,6.927083333,1
248,E6,FCY22,strip,20.3892,2,FCY22,SB454,sulstoni,5/10/2022 14:00,5/17/2022 12:15,6.927083333,1
249,E7,FCY19,strip,Inf,2,FCY19,SB454,sulstoni,5/10/2022 14:00,5/17/2022 12:15,6.927083333,0
250,E8,FCY32,strip,Inf,2,FCY32,JU1428,tropicalis,5/10/2022 14:00,5/17/2022 12:15,6.927083333,0
251,E9,FCY32,strip,Inf,3,FCY32,JU1428,tropicalis,5/10/2022 14:00,5/17/2022 12:15,6.927083333,0
252,E10,FCY16,strip,Inf,2,FCY16,JU724,latens,5/10/2022 14:00,5/18/2022 8:30,7.770833333,0
253,E11,FCY16,strip,Inf,3,FCY16,JU724,latens,5/10/2022 14:00,5/18/2022 8:30,7.770833333,0
254,E12,FCY6,strip,Inf,2,FCY6,ZF1092,sp.25,5/10/2022 14:00,5/18/2022 8:30,7.770833333,0
255,F3,FCY6,strip,Inf,3,FCY6,ZF1092,sp.25,5/10/2022 14:00,5/18/2022 8:30,7.770833333,0
256,F4,FCY34,strip,33.0848,2,FCY34,JU1428,tropicalis,5/10/2022 14:00,5/17/2022 12:15,6.927083333,1
257,F5,FCY34,strip,Inf,3,FCY34,JU1428,tropicalis,5/10/2022 14:00,5/17/2022 12:15,6.927083333,0
258,F6,FCY22,strip,25.92,2,FCY22,SB454,sulstoni,5/10/2022 14:00,5/17/2022 12:15,6.927083333,1
259,F7,FCY19,strip,Inf,2,FCY19,SB454,sulstoni,5/10/2022 14:00,5/17/2022 12:15,6.927083333,0
260,F8,FCY32,strip,Inf,2,FCY32,JU1428,tropicalis,5/10/2022 14:00,5/17/2022 12:15,6.927083333,0
261,F9,FCY32,strip,32.3737,3,FCY32,JU1428,tropicalis,5/10/2022 14:00,5/17/2022 12:15,6.927083333,1
262,F10,FCY16,strip,30.1999,2,FCY16,JU724,latens,5/10/2022 14:00,5/18/2022 8:30,7.770833333,1
263,F11,FCY16,strip,25.4068,3,FCY16,JU724,latens,5/10/2022 14:00,5/18/2022 8:30,7.770833333,1
264,F12,FCY6,strip,Inf,2,FCY6,ZF1092,sp.25,5/10/2022 14:00,5/18/2022 8:30,7.770833333,0
265,G3,FCY6,strip,Inf,3,FCY6,ZF1092,sp.25,5/10/2022 14:00,5/18/2022 8:30,7.770833333,0
266,G4,FCY34,strip,35.2727,2,FCY34,JU1428,tropicalis,5/10/2022 14:00,5/17/2022 12:15,6.927083333,1
267,G5,FCY34,strip,27.1177,3,FCY34,JU1428,tropicalis,5/10/2022 14:00,5/17/2022 12:15,6.927083333,1
268,G6,FCY22,strip,26.3204,2,FCY22,SB454,sulstoni,5/10/2022 14:00,5/17/2022 12:15,6.927083333,1
269,G7,FCY19,strip,23.7139,2,FCY19,SB454,sulstoni,5/10/2022 14:00,5/17/2022 12:15,6.927083333,1
270,G8,FCY32,strip,24.3216,2,FCY32,JU1428,tropicalis,5/10/2022 14:00,5/17/2022 12:15,6.927083333,1
271,G9,FCY32,strip,Inf,3,FCY32,JU1428,tropicalis,5/10/2022 14:00,5/17/2022 12:15,6.927083333,0
272,G10,FCY16,strip,Inf,2,FCY16,JU724,latens,5/10/2022 14:00,5/18/2022 8:30,7.770833333,0
273,G11,FCY16,strip,21.5541,3,FCY16,JU724,latens,5/10/2022 14:00,5/18/2022 8:30,7.770833333,1
274,G12,FCY6,strip,32.9083,2,FCY6,ZF1092,sp.25,5/10/2022 14:00,5/18/2022 8:30,7.770833333,1
275,H3,FCY6,strip,Inf,3,FCY6,ZF1092,sp.25,5/10/2022 14:00,5/18/2022 8:30,7.770833333,0
276,H4,FCY34,strip,31.588,3,FCY34,JU1428,tropicalis,5/10/2022 14:00,5/17/2022 12:15,6.927083333,1
277,H5,FCY34,strip,Inf,3,FCY34,JU1428,tropicalis,5/10/2022 14:00,5/17/2022 12:15,6.927083333,0
278,H6,FCY22,strip,Inf,3,FCY22,SB454,sulstoni,5/10/2022 14:00,5/17/2022 12:15,6.927083333,0
279,H7,FCY19,strip,32.5382,3,FCY19,SB454,sulstoni,5/10/2022 14:00,5/17/2022 12:15,6.927083333,1
280,H8,FCY32,strip,Inf,3,FCY32,JU1428,tropicalis,5/10/2022 14:00,5/17/2022 12:15,6.927083333,0
281,H9,FCY32,strip,Inf,3,FCY32,JU1428,tropicalis,5/10/2022 14:00,5/17/2022 12:15,6.927083333,0
282,H10,FCY16,strip,Inf,3,FCY16,JU724,latens,5/10/2022 14:00,5/18/2022 8:30,7.770833333,0
283,H11,FCY16,strip,Inf,3,FCY16,JU724,latens,5/10/2022 14:00,5/18/2022 8:30,7.770833333,0
284,A2,FCY20,strip,Inf,0,FCY20,SB454,sulstoni,5/10/2022 14:00,5/18/2022 8:30,7.770833333,0
285,A3,FCY20,strip,20.0927,3,FCY20,SB454,sulstoni,5/10/2022 14:00,5/18/2022 8:30,7.770833333,1
286,A4,FCY33,strip,Inf,0,FCY33,JU1428,tropicalis,5/10/2022 14:00,5/18/2022 8:30,7.770833333,0
287,A5,FCY25,strip,Inf,0,FCY25,JU1857,macrosperma,5/10/2022 14:00,5/18/2022 8:30,7.770833333,0
288,A6,FCY25,strip,Inf,3,FCY25,JU1857,macrosperma,5/10/2022 14:00,5/18/2022 8:30,7.770833333,0
289,A7,FCY21,strip,Inf,0,FCY21,SB454,sulstoni,5/10/2022 14:00,5/18/2022 8:30,7.770833333,0
290,A8,FCY4,strip,Inf,0,FCY4,ZF1092,sp.25,5/10/2022 14:00,5/18/2022 12:45,7.947916667,0
291,A9,FCY4,strip,Inf,3,FCY4,ZF1092,sp.25,5/10/2022 14:00,5/18/2022 12:45,7.947916667,0
292,A10,FCY3,strip,Inf,0,FCY3,ZF1092,sp.25,5/10/2022 14:00,5/18/2022 12:45,7.947916667,0
293,A11,FCY27,strip,Inf,0,FCY27,VX80,latens,5/10/2022 14:00,5/18/2022 12:45,7.947916667,0
294,A12,FCY27,strip,Inf,3,FCY27,VX80,latens,5/10/2022 14:00,5/18/2022 12:45,7.947916667,0
295,B2,FCY20,strip,Inf,1,FCY20,SB454,sulstoni,5/10/2022 14:00,5/18/2022 8:30,7.770833333,0
296,B3,FCY20,strip,27.0246,3,FCY20,SB454,sulstoni,5/10/2022 14:00,5/18/2022 8:30,7.770833333,1
297,B4,FCY33,strip,Inf,1,FCY33,JU1428,tropicalis,5/10/2022 14:00,5/18/2022 8:30,7.770833333,0
298,B5,FCY25,strip,Inf,1,FCY25,JU1857,macrosperma,5/10/2022 14:00,5/18/2022 8:30,7.770833333,0
299,B6,FCY25,strip,Inf,3,FCY25,JU1857,macrosperma,5/10/2022 14:00,5/18/2022 8:30,7.770833333,0
300,B7,FCY21,strip,23.0324,1,FCY21,SB454,sulstoni,5/10/2022 14:00,5/18/2022 8:30,7.770833333,1
301,B8,FCY4,strip,Inf,1,FCY4,ZF1092,sp.25,5/10/2022 14:00,5/18/2022 12:45,7.947916667,0
302,B9,FCY4,strip,Inf,3,FCY4,ZF1092,sp.25,5/10/2022 14:00,5/18/2022 12:45,7.947916667,0
303,B10,FCY3,strip,Inf,1,FCY3,ZF1092,sp.25,5/10/2022 14:00,5/18/2022 12:45,7.947916667,0
304,B11,FCY27,strip,Inf,1,FCY27,VX80,latens,5/10/2022 14:00,5/18/2022 12:45,7.947916667,0
305,B12,FCY27,strip,Inf,3,FCY27,VX80,latens,5/10/2022 14:00,5/18/2022 12:45,7.947916667,0
306,C2,FCY20,strip,Inf,1,FCY20,SB454,sulstoni,5/10/2022 14:00,5/18/2022 8:30,7.770833333,0
307,C3,FCY20,strip,Inf,3,FCY20,SB454,sulstoni,5/10/2022 14:00,5/18/2022 8:30,7.770833333,0
308,C4,FCY33,strip,Inf,1,FCY33,JU1428,tropicalis,5/10/2022 14:00,5/18/2022 8:30,7.770833333,0
309,C5,FCY25,strip,Inf,1,FCY25,JU1857,macrosperma,5/10/2022 14:00,5/18/2022 8:30,7.770833333,0
310,C6,FCY25,strip,Inf,3,FCY25,JU1857,macrosperma,5/10/2022 14:00,5/18/2022 8:30,7.770833333,0
311,C7,FCY21,strip,19.9941,1,FCY21,SB454,sulstoni,5/10/2022 14:00,5/18/2022 8:30,7.770833333,1
312,C8,FCY4,strip,Inf,1,FCY4,ZF1092,sp.25,5/10/2022 14:00,5/18/2022 12:45,7.947916667,0
313,C9,FCY4,strip,Inf,3,FCY4,ZF1092,sp.25,5/10/2022 14:00,5/18/2022 12:45,7.947916667,0
314,C10,FCY3,strip,Inf,1,FCY3,ZF1092,sp.25,5/10/2022 14:00,5/18/2022 12:45,7.947916667,0
315,C11,FCY27,strip,34.7003,1,FCY27,VX80,latens,5/10/2022 14:00,5/18/2022 12:45,7.947916667,1
316,C12,FCY27,strip,Inf,3,FCY27,VX80,latens,5/10/2022 14:00,5/18/2022 12:45,7.947916667,0
317,D2,FCY20,strip,Inf,1,FCY20,SB454,sulstoni,5/10/2022 14:00,5/18/2022 8:30,7.770833333,0
318,D3,FCY20,strip,Inf,3,FCY20,SB454,sulstoni,5/10/2022 14:00,5/18/2022 8:30,7.770833333,0
319,D4,FCY33,strip,Inf,1,FCY33,JU1428,tropicalis,5/10/2022 14:00,5/18/2022 8:30,7.770833333,0
320,D5,FCY25,strip,Inf,1,FCY25,JU1857,macrosperma,5/10/2022 14:00,5/18/2022 8:30,7.770833333,0
321,D6,FCY25,strip,Inf,3,FCY25,JU1857,macrosperma,5/10/2022 14:00,5/18/2022 8:30,7.770833333,0
322,D7,FCY21,strip,Inf,1,FCY21,SB454,sulstoni,5/10/2022 14:00,5/18/2022 8:30,7.770833333,0
323,D8,FCY4,strip,Inf,1,FCY4,ZF1092,sp.25,5/10/2022 14:00,5/18/2022 12:45,7.947916667,0
324,D9,FCY3,strip,Inf,3,FCY3,ZF1092,sp.25,5/10/2022 14:00,5/18/2022 12:45,7.947916667,0
325,D10,FCY3,strip,Inf,1,FCY3,ZF1092,sp.25,5/10/2022 14:00,5/18/2022 12:45,7.947916667,0
326,D11,FCY27,strip,Inf,1,FCY27,VX80,latens,5/10/2022 14:00,5/18/2022 12:45,7.947916667,0
327,D12,FCY27,strip,30.1173,3,FCY27,VX80,latens,5/10/2022 14:00,5/18/2022 12:45,7.947916667,1
328,E2,FCY20,strip,28.0291,2,FCY20,SB454,sulstoni,5/10/2022 14:00,5/18/2022 8:30,7.770833333,1
329,E3,FCY20,strip,32.0299,3,FCY20,SB454,sulstoni,5/10/2022 14:00,5/18/2022 8:30,7.770833333,1
330,E4,FCY33,strip,33.7108,2,FCY33,JU1428,tropicalis,5/10/2022 14:00,5/18/2022 8:30,7.770833333,1
331,E5,FCY25,strip,Inf,2,FCY25,JU1857,macrosperma,5/10/2022 14:00,5/18/2022 8:30,7.770833333,0
332,E6,FCY25,strip,Inf,3,FCY25,JU1857,macrosperma,5/10/2022 14:00,5/18/2022 8:30,7.770833333,0
333,E7,FCY21,strip,24.407,2,FCY21,SB454,sulstoni,5/10/2022 14:00,5/18/2022 8:30,7.770833333,1
334,E8,FCY4,strip,Inf,2,FCY4,ZF1092,sp.25,5/10/2022 14:00,5/18/2022 12:45,7.947916667,0
335,E9,FCY3,strip,Inf,3,FCY3,ZF1092,sp.25,5/10/2022 14:00,5/18/2022 12:45,7.947916667,0
336,E10,FCY3,strip,36,2,FCY3,ZF1092,sp.25,5/10/2022 14:00,5/18/2022 12:45,7.947916667,1
337,E11,FCY27,strip,35.8316,2,FCY27,VX80,latens,5/10/2022 14:00,5/18/2022 12:45,7.947916667,1
338,E12,FCY27,strip,34.8279,3,FCY27,VX80,latens,5/10/2022 14:00,5/18/2022 12:45,7.947916667,1
339,F2,FCY20,strip,26.3667,2,FCY20,SB454,sulstoni,5/10/2022 14:00,5/18/2022 8:30,7.770833333,1
340,F3,FCY20,strip,Inf,3,FCY20,SB454,sulstoni,5/10/2022 14:00,5/18/2022 8:30,7.770833333,0
341,F4,FCY33,strip,28.2022,2,FCY33,JU1428,tropicalis,5/10/2022 14:00,5/18/2022 8:30,7.770833333,1
342,F5,FCY25,strip,Inf,2,FCY25,JU1857,macrosperma,5/10/2022 14:00,5/18/2022 8:30,7.770833333,0
343,F6,FCY25,strip,25.0754,3,FCY25,JU1857,macrosperma,5/10/2022 14:00,5/18/2022 8:30,7.770833333,1
344,F7,FCY21,strip,Inf,2,FCY21,SB454,sulstoni,5/10/2022 14:00,5/18/2022 8:30,7.770833333,0
345,F8,FCY4,strip,Inf,2,FCY4,ZF1092,sp.25,5/10/2022 14:00,5/18/2022 12:45,7.947916667,0
346,F9,FCY3,strip,Inf,3,FCY3,ZF1092,sp.25,5/10/2022 14:00,5/18/2022 12:45,7.947916667,0
347,F10,FCY3,strip,33.5785,2,FCY3,ZF1092,sp.25,5/10/2022 14:00,5/18/2022 12:45,7.947916667,1
348,F11,FCY27,strip,Inf,2,FCY27,VX80,latens,5/10/2022 14:00,5/18/2022 12:45,7.947916667,0
349,F12,FCY27,strip,Inf,3,FCY27,VX80,latens,5/10/2022 14:00,5/18/2022 12:45,7.947916667,0
350,G2,FCY20,strip,Inf,2,FCY20,SB454,sulstoni,5/10/2022 14:00,5/18/2022 8:30,7.770833333,0
351,G3,FCY20,strip,25.7065,3,FCY20,SB454,sulstoni,5/10/2022 14:00,5/18/2022 8:30,7.770833333,1
352,G4,FCY33,strip,Inf,2,FCY33,JU1428,tropicalis,5/10/2022 14:00,5/18/2022 8:30,7.770833333,0
353,G5,FCY25,strip,Inf,2,FCY25,JU1857,macrosperma,5/10/2022 14:00,5/18/2022 8:30,7.770833333,0
354,G6,FCY25,strip,26.2148,3,FCY25,JU1857,macrosperma,5/10/2022 14:00,5/18/2022 8:30,7.770833333,1
355,G7,FCY21,strip,24.7445,2,FCY21,SB454,sulstoni,5/10/2022 14:00,5/18/2022 8:30,7.770833333,1
356,G8,FCY4,strip,35.8301,2,FCY4,ZF1092,sp.25,5/10/2022 14:00,5/18/2022 12:45,7.947916667,1
357,G9,FCY3,strip,Inf,3,FCY3,ZF1092,sp.25,5/10/2022 14:00,5/18/2022 12:45,7.947916667,0
358,G10,FCY3,strip,Inf,2,FCY3,ZF1092,sp.25,5/10/2022 14:00,5/18/2022 12:45,7.947916667,0
359,G11,FCY27,strip,34.147,2,FCY27,VX80,latens,5/10/2022 14:00,5/18/2022 12:45,7.947916667,1
360,G12,FCY27,strip,33.7268,3,FCY27,VX80,latens,5/10/2022 14:00,5/18/2022 12:45,7.947916667,1
361,H2,FCY20,strip,Inf,3,FCY20,SB454,sulstoni,5/10/2022 14:00,5/18/2022 8:30,7.770833333,0
362,H3,FCY20,strip,28.1887,3,FCY20,SB454,sulstoni,5/10/2022 14:00,5/18/2022 8:30,7.770833333,1
363,H4,FCY33,strip,23.723,3,FCY33,JU1428,tropicalis,5/10/2022 14:00,5/18/2022 8:30,7.770833333,1
364,H5,FCY25,strip,Inf,3,FCY25,JU1857,macrosperma,5/10/2022 14:00,5/18/2022 8:30,7.770833333,0
365,H6,FCY25,strip,34.5455,3,FCY25,JU1857,macrosperma,5/10/2022 14:00,5/18/2022 8:30,7.770833333,1
366,H7,FCY21,strip,20.2286,3,FCY21,SB454,sulstoni,5/10/2022 14:00,5/18/2022 8:30,7.770833333,1
367,H8,FCY4,strip,Inf,3,FCY4,ZF1092,sp.25,5/10/2022 14:00,5/18/2022 12:45,7.947916667,0
368,H9,FCY3,strip,Inf,3,FCY3,ZF1092,sp.25,5/10/2022 14:00,5/18/2022 12:45,7.947916667,0
369,H10,FCY3,strip,Inf,3,FCY3,ZF1092,sp.25,5/10/2022 14:00,5/18/2022 12:45,7.947916667,0
370,H11,FCY27,strip,31.3075,3,FCY27,VX80,latens,5/10/2022 14:00,5/18/2022 12:45,7.947916667,1
371,H12,FCY27,strip,26.585,3,FCY27,VX80,latens,5/10/2022 14:00,5/18/2022 12:45,7.947916667,1
372,A2,FCY15,strip,Inf,3,FCY15,JU724,latens,5/10/2022 14:00,5/18/2022 12:45,7.947916667,0
373,A3,FCY15,strip,Inf,0,FCY15,JU724,latens,5/10/2022 14:00,5/18/2022 12:45,7.947916667,0
374,A4,FCY31,strip,Inf,0,FCY31,JU1428,tropicalis,5/10/2022 14:00,5/19/2022 9:00,8.791666667,0
375,A5,FCY31,strip,Inf,3,FCY31,JU1428,tropicalis,5/10/2022 14:00,5/19/2022 9:00,8.791666667,0
376,A6,FCY26,strip,Inf,0,FCY26,JU1857,macrosperma,5/10/2022 14:00,5/19/2022 9:00,8.791666667,0
377,A7,FCY26,strip,Inf,3,FCY26,JU1857,macrosperma,5/10/2022 14:00,5/19/2022 9:00,8.791666667,0
378,A8,FCY18,strip,Inf,0,FCY18,JU724,latens,5/10/2022 14:00,5/20/2022 8:30,9.770833333,0
379,A9,FCY18,strip,26.7671,2,FCY18,JU724,latens,5/10/2022 14:00,5/20/2022 8:30,9.770833333,1
380,A10,FCY28,strip,Inf,3,FCY28,VX80,latens,5/10/2022 14:00,5/20/2022 8:30,9.770833333,0
381,A11,FCY28,strip,Inf,3,FCY28,VX80,latens,5/10/2022 14:00,5/20/2022 8:30,9.770833333,0
382,A12,FCY28,strip,Inf,2,FCY28,VX80,latens,5/10/2022 14:00,5/20/2022 8:30,9.770833333,0
383,B2,FCY15,strip,37.7458,3,FCY15,JU724,latens,5/10/2022 14:00,5/18/2022 12:45,7.947916667,1
384,B3,FCY15,strip,Inf,1,FCY15,JU724,latens,5/10/2022 14:00,5/18/2022 12:45,7.947916667,0
385,B4,FCY31,strip,Inf,1,FCY31,JU1428,tropicalis,5/10/2022 14:00,5/19/2022 9:00,8.791666667,0
386,B5,FCY31,strip,Inf,3,FCY31,JU1428,tropicalis,5/10/2022 14:00,5/19/2022 9:00,8.791666667,0
387,B6,FCY26,strip,30.6426,1,FCY26,JU1857,macrosperma,5/10/2022 14:00,5/19/2022 9:00,8.791666667,1
388,B7,FCY26,strip,Inf,3,FCY26,JU1857,macrosperma,5/10/2022 14:00,5/19/2022 9:00,8.791666667,0
389,B8,FCY18,strip,Inf,1,FCY18,JU724,latens,5/10/2022 14:00,5/20/2022 8:30,9.770833333,0
390,B9,FCY18,strip,Inf,2,FCY18,JU724,latens,5/10/2022 14:00,5/20/2022 8:30,9.770833333,0
391,B10,FCY28,strip,Inf,3,FCY28,VX80,latens,5/10/2022 14:00,5/20/2022 8:30,9.770833333,0
392,B11,FCY28,strip,Inf,0,FCY28,VX80,latens,5/10/2022 14:00,5/20/2022 8:30,9.770833333,0
393,B12,FCY28,strip,Inf,2,FCY28,VX80,latens,5/10/2022 14:00,5/20/2022 8:30,9.770833333,0
394,C2,FCY28,strip,39.9904,3,FCY28,VX80,latens,5/10/2022 14:00,5/20/2022 8:30,9.770833333,1
395,C3,FCY15,strip,Inf,1,FCY15,JU724,latens,5/10/2022 14:00,5/18/2022 12:45,7.947916667,0
396,C4,FCY31,strip,Inf,1,FCY31,JU1428,tropicalis,5/10/2022 14:00,5/19/2022 9:00,8.791666667,0
397,C5,FCY31,strip,Inf,3,FCY31,JU1428,tropicalis,5/10/2022 14:00,5/19/2022 9:00,8.791666667,0
398,C6,FCY26,strip,Inf,1,FCY26,JU1857,macrosperma,5/10/2022 14:00,5/19/2022 9:00,8.791666667,0
399,C7,FCY26,strip,Inf,3,FCY26,JU1857,macrosperma,5/10/2022 14:00,5/19/2022 9:00,8.791666667,0
400,C8,FCY18,strip,37.9164,1,FCY18,JU724,latens,5/10/2022 14:00,5/20/2022 8:30,9.770833333,1
401,C9,FCY18,strip,34.6547,3,FCY18,JU724,latens,5/10/2022 14:00,5/20/2022 8:30,9.770833333,1
402,C10,FCY28,strip,Inf,3,FCY28,VX80,latens,5/10/2022 14:00,5/20/2022 8:30,9.770833333,0
403,C11,FCY28,strip,26.3376,1,FCY28,VX80,latens,5/10/2022 14:00,5/20/2022 8:30,9.770833333,1
404,C12,FCY28,strip,24.7998,2,FCY28,VX80,latens,5/10/2022 14:00,5/20/2022 8:30,9.770833333,1
405,D2,FCY28,strip,Inf,3,FCY28,VX80,latens,5/10/2022 14:00,5/20/2022 8:30,9.770833333,0
406,D3,FCY15,strip,Inf,1,FCY15,JU724,latens,5/10/2022 14:00,5/18/2022 12:45,7.947916667,0
407,D4,FCY31,strip,Inf,1,FCY31,JU1428,tropicalis,5/10/2022 14:00,5/19/2022 9:00,8.791666667,0
408,D5,FCY31,strip,Inf,3,FCY31,JU1428,tropicalis,5/10/2022 14:00,5/19/2022 9:00,8.791666667,0
409,D6,FCY26,strip,Inf,1,FCY26,JU1857,macrosperma,5/10/2022 14:00,5/19/2022 9:00,8.791666667,0
410,D7,FCY26,strip,Inf,3,FCY26,JU1857,macrosperma,5/10/2022 14:00,5/19/2022 9:00,8.791666667,0
411,D8,FCY18,strip,Inf,1,FCY18,JU724,latens,5/10/2022 14:00,5/20/2022 8:30,9.770833333,0
412,D9,FCY18,strip,Inf,3,FCY18,JU724,latens,5/10/2022 14:00,5/20/2022 8:30,9.770833333,0
413,D10,FCY28,strip,Inf,3,FCY28,VX80,latens,5/10/2022 14:00,5/20/2022 8:30,9.770833333,0
414,D11,FCY28,strip,28.7995,1,FCY28,VX80,latens,5/10/2022 14:00,5/20/2022 8:30,9.770833333,1
415,D12,FCY28,strip,Inf,3,FCY28,VX80,latens,5/10/2022 14:00,5/20/2022 8:30,9.770833333,0
416,E3,FCY15,strip,Inf,2,FCY15,JU724,latens,5/10/2022 14:00,5/18/2022 12:45,7.947916667,0
417,E4,FCY31,strip,Inf,2,FCY31,JU1428,tropicalis,5/10/2022 14:00,5/19/2022 9:00,8.791666667,0
418,E5,FCY31,strip,Inf,3,FCY31,JU1428,tropicalis,5/10/2022 14:00,5/19/2022 9:00,8.791666667,0
419,E6,FCY26,strip,Inf,2,FCY26,JU1857,macrosperma,5/10/2022 14:00,5/19/2022 9:00,8.791666667,0
420,E7,FCY26,strip,34.9647,3,FCY26,JU1857,macrosperma,5/10/2022 14:00,5/19/2022 9:00,8.791666667,1
421,E8,FCY18,strip,Inf,2,FCY18,JU724,latens,5/10/2022 14:00,5/20/2022 8:30,9.770833333,0
422,E9,FCY18,strip,Inf,3,FCY18,JU724,latens,5/10/2022 14:00,5/20/2022 8:30,9.770833333,0
423,E10,FCY28,strip,25.8682,3,FCY28,VX80,latens,5/10/2022 14:00,5/20/2022 8:30,9.770833333,1
424,E11,FCY28,strip,Inf,1,FCY28,VX80,latens,5/10/2022 14:00,5/20/2022 8:30,9.770833333,0
425,F3,FCY15,strip,Inf,2,FCY15,JU724,latens,5/10/2022 14:00,5/18/2022 12:45,7.947916667,0
426,F4,FCY31,strip,Inf,2,FCY31,JU1428,tropicalis,5/10/2022 14:00,5/19/2022 9:00,8.791666667,0
427,F5,FCY31,strip,Inf,3,FCY31,JU1428,tropicalis,5/10/2022 14:00,5/19/2022 9:00,8.791666667,0
428,F6,FCY26,strip,Inf,2,FCY26,JU1857,macrosperma,5/10/2022 14:00,5/19/2022 9:00,8.791666667,0
429,F7,FCY26,strip,Inf,3,FCY26,JU1857,macrosperma,5/10/2022 14:00,5/19/2022 9:00,8.791666667,0
430,G3,FCY15,strip,25.1252,2,FCY15,JU724,latens,5/10/2022 14:00,5/18/2022 12:45,7.947916667,1
431,G4,FCY31,strip,Inf,2,FCY31,JU1428,tropicalis,5/10/2022 14:00,5/19/2022 9:00,8.791666667,0
432,G5,FCY31,strip,Inf,3,FCY31,JU1428,tropicalis,5/10/2022 14:00,5/19/2022 9:00,8.791666667,0
433,G6,FCY26,strip,Inf,2,FCY26,JU1857,macrosperma,5/10/2022 14:00,5/19/2022 9:00,8.791666667,0
434,G7,FCY26,strip,Inf,3,FCY26,JU1857,macrosperma,5/10/2022 14:00,5/19/2022 9:00,8.791666667,0
435,H3,FCY15,strip,Inf,3,FCY15,JU724,latens,5/10/2022 14:00,5/18/2022 12:45,7.947916667,0
436,H4,FCY31,strip,Inf,3,FCY31,JU1428,tropicalis,5/10/2022 14:00,5/19/2022 9:00,8.791666667,0
437,H5,FCY31,strip,Inf,3,FCY31,JU1428,tropicalis,5/10/2022 14:00,5/19/2022 9:00,8.791666667,0
438,H6,FCY26,strip,Inf,3,FCY26,JU1857,macrosperma,5/10/2022 14:00,5/19/2022 9:00,8.791666667,0
439,H7,FCY26,strip,Inf,3,FCY26,JU1857,macrosperma,5/10/2022 14:00,5/19/2022 9:00,8.791666667,0
440,A2,FCY28,strip,Inf,3,FCY28,VX80,latens,5/10/2022 14:00,5/20/2022 8:30,9.770833333,0
441,A3,FCY30,strip,Inf,0,FCY30,VX80,latens,5/10/2022 14:00,5/21/2022 5:25,10.64236111,0
442,A4,FCY30,strip,28.7081,3,FCY30,VX80,latens,5/10/2022 14:00,5/21/2022 5:25,10.64236111,1
443,A5,FCY17,strip,Inf,0,FCY17,JU724,latens,5/10/2022 14:00,5/21/2022 5:25,10.64236111,0
444,A6,FCY17,strip,Inf,3,FCY17,JU724,latens,5/10/2022 14:00,5/21/2022 5:25,10.64236111,0
445,A7,FCY29,strip,Inf,0,FCY29,VX80,latens,5/10/2022 14:00,5/23/2022 8:30,12.77083333,0
446,A8,FCY29,strip,Inf,3,FCY29,VX80,latens,5/10/2022 14:00,5/23/2022 8:30,12.77083333,0
447,B2,FCY28,strip,Inf,3,FCY28,VX80,latens,5/10/2022 14:00,5/20/2022 8:30,9.770833333,0
448,B3,FCY30,strip,35.7752,1,FCY30,VX80,latens,5/10/2022 14:00,5/21/2022 5:25,10.64236111,1
449,B4,FCY30,strip,20.5201,3,FCY30,VX80,latens,5/10/2022 14:00,5/21/2022 5:25,10.64236111,1
450,B5,FCY17,strip,Inf,1,FCY17,JU724,latens,5/10/2022 14:00,5/21/2022 5:25,10.64236111,0
451,B6,FCY17,strip,Inf,3,FCY17,JU724,latens,5/10/2022 14:00,5/21/2022 5:25,10.64236111,0
452,B7,FCY29,strip,Inf,1,FCY29,VX80,latens,5/10/2022 14:00,5/23/2022 8:30,12.77083333,0
453,B8,FCY29,strip,26.8695,3,FCY29,VX80,latens,5/10/2022 14:00,5/23/2022 8:30,12.77083333,1
454,C3,FCY30,strip,Inf,1,FCY30,VX80,latens,5/10/2022 14:00,5/21/2022 5:25,10.64236111,0
455,C4,FCY30,strip,Inf,3,FCY30,VX80,latens,5/10/2022 14:00,5/21/2022 5:25,10.64236111,0
456,C5,FCY17,strip,Inf,1,FCY17,JU724,latens,5/10/2022 14:00,5/21/2022 5:25,10.64236111,0
457,C6,FCY17,strip,Inf,3,FCY17,JU724,latens,5/10/2022 14:00,5/21/2022 5:25,10.64236111,0
458,C7,FCY29,strip,Inf,1,FCY29,VX80,latens,5/10/2022 14:00,5/23/2022 8:30,12.77083333,0
459,C8,FCY29,strip,Inf,3,FCY29,VX80,latens,5/10/2022 14:00,5/23/2022 8:30,12.77083333,0
460,D3,FCY30,strip,Inf,1,FCY30,VX80,latens,5/10/2022 14:00,5/21/2022 5:25,10.64236111,0
461,D4,FCY30,strip,25.7052,3,FCY30,VX80,latens,5/10/2022 14:00,5/21/2022 5:25,10.64236111,1
462,D5,FCY17,strip,Inf,1,FCY17,JU724,latens,5/10/2022 14:00,5/21/2022 5:25,10.64236111,0
463,D6,FCY17,strip,34.3823,3,FCY17,JU724,latens,5/10/2022 14:00,5/21/2022 5:25,10.64236111,1
464,D7,FCY29,strip,Inf,1,FCY29,VX80,latens,5/10/2022 14:00,5/23/2022 8:30,12.77083333,0
465,D8,FCY29,strip,26.1621,3,FCY29,VX80,latens,5/10/2022 14:00,5/23/2022 8:30,12.77083333,1
466,E3,FCY30,strip,Inf,2,FCY30,VX80,latens,5/10/2022 14:00,5/21/2022 5:25,10.64236111,0
467,E4,FCY30,strip,21.9938,3,FCY30,VX80,latens,5/10/2022 14:00,5/21/2022 5:25,10.64236111,1
468,E5,FCY17,strip,Inf,2,FCY17,JU724,latens,5/10/2022 14:00,5/21/2022 5:25,10.64236111,0
469,E6,FCY17,strip,Inf,3,FCY17,JU724,latens,5/10/2022 14:00,5/21/2022 5:25,10.64236111,0
470,E7,FCY29,strip,Inf,2,FCY29,VX80,latens,5/10/2022 14:00,5/23/2022 8:30,12.77083333,0
471,E8,FCY29,strip,Inf,3,FCY29,VX80,latens,5/10/2022 14:00,5/23/2022 8:30,12.77083333,0
472,F3,FCY30,strip,Inf,2,FCY30,VX80,latens,5/10/2022 14:00,5/21/2022 5:25,10.64236111,0
473,F4,FCY30,strip,Inf,3,FCY30,VX80,latens,5/10/2022 14:00,5/21/2022 5:25,10.64236111,0
474,F5,FCY17,strip,Inf,2,FCY17,JU724,latens,5/10/2022 14:00,5/21/2022 5:25,10.64236111,0
475,F6,FCY17,strip,Inf,3,FCY17,JU724,latens,5/10/2022 14:00,5/21/2022 5:25,10.64236111,0
476,F7,FCY29,strip,Inf,2,FCY29,VX80,latens,5/10/2022 14:00,5/23/2022 8:30,12.77083333,0
477,F8,FCY29,strip,Inf,3,FCY29,VX80,latens,5/10/2022 14:00,5/23/2022 8:30,12.77083333,0
478,G3,FCY30,strip,Inf,2,FCY30,VX80,latens,5/10/2022 14:00,5/21/2022 5:25,10.64236111,0
479,G4,FCY30,strip,Inf,3,FCY30,VX80,latens,5/10/2022 14:00,5/21/2022 5:25,10.64236111,0
480,G5,FCY17,strip,35.8091,2,FCY17,JU724,latens,5/10/2022 14:00,5/21/2022 5:25,10.64236111,1
481,G6,FCY17,strip,34.6163,3,FCY17,JU724,latens,5/10/2022 14:00,5/21/2022 5:25,10.64236111,1
482,G7,FCY29,strip,36,2,FCY29,VX80,latens,5/10/2022 14:00,5/23/2022 8:30,12.77083333,1
483,G8,FCY29,strip,Inf,3,FCY29,VX80,latens,5/10/2022 14:00,5/23/2022 8:30,12.77083333,0
484,H3,FCY30,strip,Inf,3,FCY30,VX80,latens,5/10/2022 14:00,5/21/2022 5:25,10.64236111,0
485,H4,FCY30,strip,Inf,3,FCY30,VX80,latens,5/10/2022 14:00,5/21/2022 5:25,10.64236111,0
486,H5,FCY17,strip,Inf,3,FCY17,JU724,latens,5/10/2022 14:00,5/21/2022 5:25,10.64236111,0
487,H6,FCY17,strip,31.4763,3,FCY17,JU724,latens,5/10/2022 14:00,5/21/2022 5:25,10.64236111,1
488,H7,FCY29,strip,Inf,3,FCY29,VX80,latens,5/10/2022 14:00,5/23/2022 8:30,12.77083333,0
489,H8,FCY29,strip,Inf,3,FCY29,VX80,latens,5/10/2022 14:00,5/23/2022 8:30,12.77083333,0
