"","Line","Strain","Species","block","trans.ability","median.ct","pre.ct","best.y","l.y","h.y","best.p","l.p","h.p","strain.overall","TCID50","conf.low","conf.high","strain.group","rel.susc","rel.susc.low","rel.susc.high","p.paper","NAME","Sample","Passage","Ct","infected"
"1","FCX10","JU1857","macrosperma","FCX",2,33.6751,31.4457142509091,0,0,0.41,0.13,0.05,0.27,"JU1857",300.5,110.5,665.7,"JU1857",0.0865994236311239,0.0318443804034582,0.191844380403458,0,"C. macrosperma
 JU1857","FCX10.1","1",23.4431,1
"2","FCX10","JU1857","macrosperma","FCX",2,33.6751,31.4457142509091,0,0,0.41,0.13,0.05,0.27,"JU1857",300.5,110.5,665.7,"JU1857",0.0865994236311239,0.0318443804034582,0.191844380403458,0,"C. macrosperma
 JU1857","FCX10.2","2",32.1445,1
"3","FCX10","JU1857","macrosperma","FCX",2,33.6751,31.4457142509091,0,0,0.41,0.13,0.05,0.27,"JU1857",300.5,110.5,665.7,"JU1857",0.0865994236311239,0.0318443804034582,0.191844380403458,0,"C. macrosperma
 JU1857","FCX10.3","3",Inf,0
"4","FCX11","JU1428","tropicalis","FCX",1,21.4907,29.7190019991994,0,0,0.19,0.28,0.08,0.57,"JU1428",66.5,18.1,218.3,"JU1428",0.019164265129683,0.00521613832853026,0.0629106628242075,0,"C. tropicalis
 JU1428","FCX11.1","1",31.166,1
"5","FCX11","JU1428","tropicalis","FCX",1,21.4907,29.7190019991994,0,0,0.19,0.28,0.08,0.57,"JU1428",66.5,18.1,218.3,"JU1428",0.019164265129683,0.00521613832853026,0.0629106628242075,0,"C. tropicalis
 JU1428","FCX11.2","2",Inf,0
"6","FCX12","JU1428","tropicalis","FCX",1,31.6933,30.9868635083238,0,0,1,0.03,0.01,0.12,"JU1428",66.5,18.1,218.3,"JU1428",0.019164265129683,0.00521613832853026,0.0629106628242075,0,"C. tropicalis
 JU1428","FCX12.1","1",32.0256,1
"7","FCX12","JU1428","tropicalis","FCX",1,31.6933,30.9868635083238,0,0,1,0.03,0.01,0.12,"JU1428",66.5,18.1,218.3,"JU1428",0.019164265129683,0.00521613832853026,0.0629106628242075,0,"C. tropicalis
 JU1428","FCX12.2","2",Inf,0
"8","FCX13","JU1428","tropicalis","FCX",1,21.8006,29.1104284748197,0.07,0.01,0.4,0.4,0.15,0.71,"JU1428",66.5,18.1,218.3,"JU1428",0.019164265129683,0.00521613832853026,0.0629106628242075,0.02347211894883,"C. tropicalis
 JU1428","FCX13.1","1",35.1078,1
"9","FCX13","JU1428","tropicalis","FCX",1,21.8006,29.1104284748197,0.07,0.01,0.4,0.4,0.15,0.71,"JU1428",66.5,18.1,218.3,"JU1428",0.019164265129683,0.00521613832853026,0.0629106628242075,0.02347211894883,"C. tropicalis
 JU1428","FCX13.2","2",Inf,0
"10","FCX14","JU1428","tropicalis","FCX",1,28.4625,30.5304333650391,0.22,0.02,1,0.12,0.04,0.25,"JU1428",66.5,18.1,218.3,"JU1428",0.019164265129683,0.00521613832853026,0.0629106628242075,0.0201512743948738,"C. tropicalis
 JU1428","FCX14.1","1",32.7253,1
"11","FCX14","JU1428","tropicalis","FCX",1,28.4625,30.5304333650391,0.22,0.02,1,0.12,0.04,0.25,"JU1428",66.5,18.1,218.3,"JU1428",0.019164265129683,0.00521613832853026,0.0629106628242075,0.0201512743948738,"C. tropicalis
 JU1428","FCX14.2","2",Inf,0
"12","FCX16","JU724.1","latens","FCX",1,NA,31.9689209945283,1,0,1,0,0,0.14,"JU724",26.5,5.7,87.9,"JU724",0.00763688760806916,0.00164265129682997,0.0253314121037464,0,"C. latens
 JU724","FCX16.1","1",34.2808,1
"13","FCX16","JU724.1","latens","FCX",1,NA,31.9689209945283,1,0,1,0,0,0.14,"JU724",26.5,5.7,87.9,"JU724",0.00763688760806916,0.00164265129682997,0.0253314121037464,0,"C. latens
 JU724","FCX16.2","2",Inf,0
"14","FCX17","JU724.1","latens","FCX",1,32.2849,31.3096330097836,0,0,0.41,0.13,0.05,0.27,"JU724",26.5,5.7,87.9,"JU724",0.00763688760806916,0.00164265129682997,0.0253314121037464,0,"C. latens
 JU724","FCX17.1","1",26.3264,1
"15","FCX17","JU724.1","latens","FCX",1,32.2849,31.3096330097836,0,0,0.41,0.13,0.05,0.27,"JU724",26.5,5.7,87.9,"JU724",0.00763688760806916,0.00164265129682997,0.0253314121037464,0,"C. latens
 JU724","FCX17.2","2",Inf,0
"16","FCX18","JU724.1","latens","FCX",0,33.9433,31.8167776134334,0,0,1,0.03,0.01,0.11,"JU724",26.5,5.7,87.9,"JU724",0.00763688760806916,0.00164265129682997,0.0253314121037464,0,"C. latens
 JU724","FCX18.1","1",Inf,0
"17","FCX19","ZF1092","sp.25","FCX",0,34.1532,32.5385416992756,0.3,0.02,1,0.09,0.01,0.34,"ZF1092",0.5,0.1,1.9,"ZF1092",0.000144092219020173,2.88184438040346e-05,0.000547550432276657,0.00422267723529953,"C. sp. 25
 ZF1092","FCX19.1","1",Inf,0
"18","FCX20","ZF1092","sp.25","FCX",0,32.1032,32.3356838578157,0,0,0.42,0.13,0.04,0.31,"ZF1092",0.5,0.1,1.9,"ZF1092",0.000144092219020173,2.88184438040346e-05,0.000547550432276657,0,"C. sp. 25
 ZF1092","FCX20.1","1",Inf,0
"19","FCX21","ZF1092","sp.25","FCX",0,NA,32.9949718425604,1,0,1,0,0,0.07,"ZF1092",0.5,0.1,1.9,"ZF1092",0.000144092219020173,2.88184438040346e-05,0.000547550432276657,0,"C. sp. 25
 ZF1092","FCX21.1","1",Inf,0
"20","FCX22","ZF1092","sp.25","FCX",0,34.74575,32.3863983181807,0.59,0.09,1,0.12,0.05,0.26,"ZF1092",0.5,0.1,1.9,"ZF1092",0.000144092219020173,2.88184438040346e-05,0.000547550432276657,0.0115717995541225,"C. sp. 25
 ZF1092","FCX22.1","1",Inf,0
"21","FCX27","VX80","latens","FCX",1,23.6467,30.2451279187037,0.3,0.02,1,0.09,0.03,0.21,"VX80",12.3,5.5,25.1,"VX80",0.00354466858789625,0.0015850144092219,0.00723342939481268,0.0167614633230943,"C. latens
 VX80","FCX27.1","1",31.3565,1
"22","FCX27","VX80","latens","FCX",1,23.6467,30.2451279187037,0.3,0.02,1,0.09,0.03,0.21,"VX80",12.3,5.5,25.1,"VX80",0.00354466858789625,0.0015850144092219,0.00723342939481268,0.0167614633230943,"C. latens
 VX80","FCX27.2","2",Inf,0
"23","FCX28","VX80","latens","FCX",2,24.21235,30.0422700772438,0.21,0.02,1,0.13,0.05,0.27,"VX80",12.3,5.5,25.1,"VX80",0.00354466858789625,0.0015850144092219,0.00723342939481268,0.0173466141688968,"C. latens
 VX80","FCX28.1","1",25.641,1
"24","FCX28","VX80","latens","FCX",2,24.21235,30.0422700772438,0.21,0.02,1,0.13,0.05,0.27,"VX80",12.3,5.5,25.1,"VX80",0.00354466858789625,0.0015850144092219,0.00723342939481268,0.0173466141688968,"C. latens
 VX80","FCX28.2","2",22.4969,1
"25","FCX28","VX80","latens","FCX",2,24.21235,30.0422700772438,0.21,0.02,1,0.13,0.05,0.27,"VX80",12.3,5.5,25.1,"VX80",0.00354466858789625,0.0015850144092219,0.00723342939481268,0.0173466141688968,"C. latens
 VX80","FCX28.3","3",Inf,0
"26","FCX29","VX80","latens","FCX",0,27.9174,30.3465568394336,0.38,0.02,1,0.07,0.02,0.2,"VX80",12.3,5.5,25.1,"VX80",0.00354466858789625,0.0015850144092219,0.00723342939481268,0.0163170278990781,"C. latens
 VX80","FCX29.1","1",Inf,0
"27","FCX3","JU4093","sp.65","FCX",0,29.83005,31.4232086968131,1,0.15,1,0.06,0.02,0.17,"JU4093",2.3,0.9,5.5,"JU4093",0.000662824207492795,0.000259365994236311,0.0015850144092219,0.0211722796529672,"C. sp. 65
 JU4093","FCX3.1","1",Inf,0
"28","FCX30","VX80","latens","FCX",0,34.7093,30.3972712997986,0,0,1,0.06,0.01,0.16,"VX80",12.3,5.5,25.1,"VX80",0.00354466858789625,0.0015850144092219,0.00723342939481268,0,"C. latens
 VX80","FCX30.1","1",Inf,0
"29","FCX31","JU1873","wallacei","FCX",0,35.3345,33.0537332764624,0,0,0.65,0.09,0.03,0.21,"JU1873",17.7,6.1,45.9,"JU1873",0.00510086455331412,0.00175792507204611,0.0132276657060519,0,"C. wallacei
 JU1873","FCX31.1","1",Inf,0
"30","FCX32","JU1873","wallacei","FCX",0,35.2781,31.8365862277029,0,0,0.13,0.33,0.18,0.52,"JU1873",17.7,6.1,45.9,"JU1873",0.00510086455331412,0.00175792507204611,0.0132276657060519,0,"C. wallacei
 JU1873","FCX32.1","1",Inf,0
"31","FCX33","JU1873","wallacei","FCX",1,35.5259,32.6987320539075,0,0,0.32,0.16,0.06,0.3,"JU1873",17.7,6.1,45.9,"JU1873",0.00510086455331412,0.00175792507204611,0.0132276657060519,0,"C. wallacei
 JU1873","FCX33.1","1",36,1
"32","FCX33","JU1873","wallacei","FCX",1,35.5259,32.6987320539075,0,0,0.32,0.16,0.06,0.3,"JU1873",17.7,6.1,45.9,"JU1873",0.00510086455331412,0.00175792507204611,0.0132276657060519,0,"C. wallacei
 JU1873","FCX33.2","2",Inf,0
"33","FCX34","JU1873","wallacei","FCX",10,35.5131,31.8365862277029,0,0,0.13,0.33,0.18,0.52,"JU1873",17.7,6.1,45.9,"JU1873",0.00510086455331412,0.00175792507204611,0.0132276657060519,0,"C. wallacei
 JU1873","FCX34.1","1",17.535,1
"34","FCX34","JU1873","wallacei","FCX",10,35.5131,31.8365862277029,0,0,0.13,0.33,0.18,0.52,"JU1873",17.7,6.1,45.9,"JU1873",0.00510086455331412,0.00175792507204611,0.0132276657060519,0,"C. wallacei
 JU1873","FCX34.2","2",11.8435,1
"35","FCX34","JU1873","wallacei","FCX",10,35.5131,31.8365862277029,0,0,0.13,0.33,0.18,0.52,"JU1873",17.7,6.1,45.9,"JU1873",0.00510086455331412,0.00175792507204611,0.0132276657060519,0,"C. wallacei
 JU1873","FCX34.3","3",15.1364,1
"36","FCX34","JU1873","wallacei","FCX",10,35.5131,31.8365862277029,0,0,0.13,0.33,0.18,0.52,"JU1873",17.7,6.1,45.9,"JU1873",0.00510086455331412,0.00175792507204611,0.0132276657060519,0,"C. wallacei
 JU1873","FCX34.5","5",13.0533,1
"37","FCX34","JU1873","wallacei","FCX",10,35.5131,31.8365862277029,0,0,0.13,0.33,0.18,0.52,"JU1873",17.7,6.1,45.9,"JU1873",0.00510086455331412,0.00175792507204611,0.0132276657060519,0,"C. wallacei
 JU1873","FCX34.4","4",13.409,1
"38","FCX34","JU1873","wallacei","FCX",10,35.5131,31.8365862277029,0,0,0.13,0.33,0.18,0.52,"JU1873",17.7,6.1,45.9,"JU1873",0.00510086455331412,0.00175792507204611,0.0132276657060519,0,"C. wallacei
 JU1873","FCX34.6","6",13.1978,1
"39","FCX34","JU1873","wallacei","FCX",10,35.5131,31.8365862277029,0,0,0.13,0.33,0.18,0.52,"JU1873",17.7,6.1,45.9,"JU1873",0.00510086455331412,0.00175792507204611,0.0132276657060519,0,"C. wallacei
 JU1873","FCX34.7","7",13.4607,1
"40","FCX34","JU1873","wallacei","FCX",10,35.5131,31.8365862277029,0,0,0.13,0.33,0.18,0.52,"JU1873",17.7,6.1,45.9,"JU1873",0.00510086455331412,0.00175792507204611,0.0132276657060519,0,"C. wallacei
 JU1873","FCX34.9","9",13.4069,1
"41","FCX34","JU1873","wallacei","FCX",10,35.5131,31.8365862277029,0,0,0.13,0.33,0.18,0.52,"JU1873",17.7,6.1,45.9,"JU1873",0.00510086455331412,0.00175792507204611,0.0132276657060519,0,"C. wallacei
 JU1873","FCX34.10","10",16.907,1
"42","FCX34","JU1873","wallacei","FCX",10,35.5131,31.8365862277029,0,0,0.13,0.33,0.18,0.52,"JU1873",17.7,6.1,45.9,"JU1873",0.00510086455331412,0.00175792507204611,0.0132276657060519,0,"C. wallacei
 JU1873","FCX34.8","8",12.8542,1
"43","FCX35","SB454","sulstoni","FCX",0,35.4485,30.4310029970809,1,0.15,1,0.06,0.02,0.16,"SB454",177.5,61.1,460.1,"SB454",0.0511527377521614,0.0176080691642651,0.132593659942363,0.0505632778857495,"C. sulstoni
 SB454","FCX35.1","1",Inf,0
"44","FCX36","SB454","sulstoni","FCX",10,25.2575,25.6638437227731,1,0.05,1,1,0.67,1,"SB454",177.5,61.1,460.1,"SB454",0.0511527377521614,0.0176080691642651,0.132593659942363,0.972173021746365,"C. sulstoni
 SB454","FCX36.1","1",17.8516,1
"45","FCX36","SB454","sulstoni","FCX",10,25.2575,25.6638437227731,1,0.05,1,1,0.67,1,"SB454",177.5,61.1,460.1,"SB454",0.0511527377521614,0.0176080691642651,0.132593659942363,0.972173021746365,"C. sulstoni
 SB454","FCX36.2","2",14.8716,1
"46","FCX36","SB454","sulstoni","FCX",10,25.2575,25.6638437227731,1,0.05,1,1,0.67,1,"SB454",177.5,61.1,460.1,"SB454",0.0511527377521614,0.0176080691642651,0.132593659942363,0.972173021746365,"C. sulstoni
 SB454","FCX36.3","3",17.5219,1
"47","FCX36","SB454","sulstoni","FCX",10,25.2575,25.6638437227731,1,0.05,1,1,0.67,1,"SB454",177.5,61.1,460.1,"SB454",0.0511527377521614,0.0176080691642651,0.132593659942363,0.972173021746365,"C. sulstoni
 SB454","FCX36.4","4",11.5873,1
"48","FCX36","SB454","sulstoni","FCX",10,25.2575,25.6638437227731,1,0.05,1,1,0.67,1,"SB454",177.5,61.1,460.1,"SB454",0.0511527377521614,0.0176080691642651,0.132593659942363,0.972173021746365,"C. sulstoni
 SB454","FCX36.5","5",11.0894,1
"49","FCX36","SB454","sulstoni","FCX",10,25.2575,25.6638437227731,1,0.05,1,1,0.67,1,"SB454",177.5,61.1,460.1,"SB454",0.0511527377521614,0.0176080691642651,0.132593659942363,0.972173021746365,"C. sulstoni
 SB454","FCX36.6","6",12,1
"50","FCX36","SB454","sulstoni","FCX",10,25.2575,25.6638437227731,1,0.05,1,1,0.67,1,"SB454",177.5,61.1,460.1,"SB454",0.0511527377521614,0.0176080691642651,0.132593659942363,0.972173021746365,"C. sulstoni
 SB454","FCX36.8","8",11.485,1
"51","FCX36","SB454","sulstoni","FCX",10,25.2575,25.6638437227731,1,0.05,1,1,0.67,1,"SB454",177.5,61.1,460.1,"SB454",0.0511527377521614,0.0176080691642651,0.132593659942363,0.972173021746365,"C. sulstoni
 SB454","FCX36.9","9",18.1606,1
"52","FCX36","SB454","sulstoni","FCX",10,25.2575,25.6638437227731,1,0.05,1,1,0.67,1,"SB454",177.5,61.1,460.1,"SB454",0.0511527377521614,0.0176080691642651,0.132593659942363,0.972173021746365,"C. sulstoni
 SB454","FCX36.7","7",11.9903,1
"53","FCX36","SB454","sulstoni","FCX",10,25.2575,25.6638437227731,1,0.05,1,1,0.67,1,"SB454",177.5,61.1,460.1,"SB454",0.0511527377521614,0.0176080691642651,0.132593659942363,0.972173021746365,"C. sulstoni
 SB454","FCX36.10","10",17.5125,1
"54","FCX37","SB454","sulstoni","FCX",10,33.90005,29.3152848690514,1,0.17,1,0.28,0.17,0.42,"SB454",177.5,61.1,460.1,"SB454",0.0511527377521614,0.0176080691642651,0.132593659942363,0.248760502601097,"C. sulstoni
 SB454","FCX37.1","1",18.4373,1
"55","FCX37","SB454","sulstoni","FCX",10,33.90005,29.3152848690514,1,0.17,1,0.28,0.17,0.42,"SB454",177.5,61.1,460.1,"SB454",0.0511527377521614,0.0176080691642651,0.132593659942363,0.248760502601097,"C. sulstoni
 SB454","FCX37.2","2",14.4781,1
"56","FCX37","SB454","sulstoni","FCX",10,33.90005,29.3152848690514,1,0.17,1,0.28,0.17,0.42,"SB454",177.5,61.1,460.1,"SB454",0.0511527377521614,0.0176080691642651,0.132593659942363,0.248760502601097,"C. sulstoni
 SB454","FCX37.3","3",13.6904,1
"57","FCX37","SB454","sulstoni","FCX",10,33.90005,29.3152848690514,1,0.17,1,0.28,0.17,0.42,"SB454",177.5,61.1,460.1,"SB454",0.0511527377521614,0.0176080691642651,0.132593659942363,0.248760502601097,"C. sulstoni
 SB454","FCX37.5","5",12.4635,1
"58","FCX37","SB454","sulstoni","FCX",10,33.90005,29.3152848690514,1,0.17,1,0.28,0.17,0.42,"SB454",177.5,61.1,460.1,"SB454",0.0511527377521614,0.0176080691642651,0.132593659942363,0.248760502601097,"C. sulstoni
 SB454","FCX37.4","4",17.0286,1
"59","FCX37","SB454","sulstoni","FCX",10,33.90005,29.3152848690514,1,0.17,1,0.28,0.17,0.42,"SB454",177.5,61.1,460.1,"SB454",0.0511527377521614,0.0176080691642651,0.132593659942363,0.248760502601097,"C. sulstoni
 SB454","FCX37.6","6",12.6327,1
"60","FCX37","SB454","sulstoni","FCX",10,33.90005,29.3152848690514,1,0.17,1,0.28,0.17,0.42,"SB454",177.5,61.1,460.1,"SB454",0.0511527377521614,0.0176080691642651,0.132593659942363,0.248760502601097,"C. sulstoni
 SB454","FCX37.7","7",15.9159,1
"61","FCX37","SB454","sulstoni","FCX",10,33.90005,29.3152848690514,1,0.17,1,0.28,0.17,0.42,"SB454",177.5,61.1,460.1,"SB454",0.0511527377521614,0.0176080691642651,0.132593659942363,0.248760502601097,"C. sulstoni
 SB454","FCX37.8","8",11.8257,1
"62","FCX37","SB454","sulstoni","FCX",10,33.90005,29.3152848690514,1,0.17,1,0.28,0.17,0.42,"SB454",177.5,61.1,460.1,"SB454",0.0511527377521614,0.0176080691642651,0.132593659942363,0.248760502601097,"C. sulstoni
 SB454","FCX37.9","9",14.142,1
"63","FCX37","SB454","sulstoni","FCX",10,33.90005,29.3152848690514,1,0.17,1,0.28,0.17,0.42,"SB454",177.5,61.1,460.1,"SB454",0.0511527377521614,0.0176080691642651,0.132593659942363,0.248760502601097,"C. sulstoni
 SB454","FCX37.10","10",15.8694,1
"64","FCX38","SB454","sulstoni","FCX",10,28.55605,28.098137820292,1,0.09,1,0.52,0.31,0.74,"SB454",177.5,61.1,460.1,"SB454",0.0511527377521614,0.0176080691642651,0.132593659942363,0.481769168833144,"C. sulstoni
 SB454","FCX38.1","1",17.182,1
"65","FCX38","SB454","sulstoni","FCX",10,28.55605,28.098137820292,1,0.09,1,0.52,0.31,0.74,"SB454",177.5,61.1,460.1,"SB454",0.0511527377521614,0.0176080691642651,0.132593659942363,0.481769168833144,"C. sulstoni
 SB454","FCX38.2","2",12.6715,1
"66","FCX38","SB454","sulstoni","FCX",10,28.55605,28.098137820292,1,0.09,1,0.52,0.31,0.74,"SB454",177.5,61.1,460.1,"SB454",0.0511527377521614,0.0176080691642651,0.132593659942363,0.481769168833144,"C. sulstoni
 SB454","FCX38.3","3",13.092,1
"67","FCX38","SB454","sulstoni","FCX",10,28.55605,28.098137820292,1,0.09,1,0.52,0.31,0.74,"SB454",177.5,61.1,460.1,"SB454",0.0511527377521614,0.0176080691642651,0.132593659942363,0.481769168833144,"C. sulstoni
 SB454","FCX38.4","4",12.1394,1
"68","FCX38","SB454","sulstoni","FCX",10,28.55605,28.098137820292,1,0.09,1,0.52,0.31,0.74,"SB454",177.5,61.1,460.1,"SB454",0.0511527377521614,0.0176080691642651,0.132593659942363,0.481769168833144,"C. sulstoni
 SB454","FCX38.5","5",11.0995,1
"69","FCX38","SB454","sulstoni","FCX",10,28.55605,28.098137820292,1,0.09,1,0.52,0.31,0.74,"SB454",177.5,61.1,460.1,"SB454",0.0511527377521614,0.0176080691642651,0.132593659942363,0.481769168833144,"C. sulstoni
 SB454","FCX38.6","6",11.451,1
"70","FCX38","SB454","sulstoni","FCX",10,28.55605,28.098137820292,1,0.09,1,0.52,0.31,0.74,"SB454",177.5,61.1,460.1,"SB454",0.0511527377521614,0.0176080691642651,0.132593659942363,0.481769168833144,"C. sulstoni
 SB454","FCX38.8","8",12.2432,1
"71","FCX38","SB454","sulstoni","FCX",10,28.55605,28.098137820292,1,0.09,1,0.52,0.31,0.74,"SB454",177.5,61.1,460.1,"SB454",0.0511527377521614,0.0176080691642651,0.132593659942363,0.481769168833144,"C. sulstoni
 SB454","FCX38.9","9",13.2923,1
"72","FCX38","SB454","sulstoni","FCX",10,28.55605,28.098137820292,1,0.09,1,0.52,0.31,0.74,"SB454",177.5,61.1,460.1,"SB454",0.0511527377521614,0.0176080691642651,0.132593659942363,0.481769168833144,"C. sulstoni
 SB454","FCX38.7","7",12.2774,1
"73","FCX38","SB454","sulstoni","FCX",10,28.55605,28.098137820292,1,0.09,1,0.52,0.31,0.74,"SB454",177.5,61.1,460.1,"SB454",0.0511527377521614,0.0176080691642651,0.132593659942363,0.481769168833144,"C. sulstoni
 SB454","FCX38.10","10",12.7085,1
"74","FCX4","JU4093","sp.65","FCX",0,35.3465,30.9160640931633,0,0,0.31,0.16,0.06,0.31,"JU4093",2.3,0.9,5.5,"JU4093",0.000662824207492795,0.000259365994236311,0.0015850144092219,0,"C. sp. 65
 JU4093","FCX4.1","1",Inf,0
"75","FCX5","JU4093","sp.65","FCX",9,31.1695,30.2567761084186,1,0.16,1,0.29,0.16,0.48,"JU4093",2.3,0.9,5.5,"JU4093",0.000662824207492795,0.000259365994236311,0.0015850144092219,0.127093102196709,"C. sp. 65
 JU4093","FCX5.1","1",26.0206,1
"76","FCX5","JU4093","sp.65","FCX",9,31.1695,30.2567761084186,1,0.16,1,0.29,0.16,0.48,"JU4093",2.3,0.9,5.5,"JU4093",0.000662824207492795,0.000259365994236311,0.0015850144092219,0.127093102196709,"C. sp. 65
 JU4093","FCX5.2","2",20.077,1
"77","FCX5","JU4093","sp.65","FCX",9,31.1695,30.2567761084186,1,0.16,1,0.29,0.16,0.48,"JU4093",2.3,0.9,5.5,"JU4093",0.000662824207492795,0.000259365994236311,0.0015850144092219,0.127093102196709,"C. sp. 65
 JU4093","FCX5.3","3",20.3718,1
"78","FCX5","JU4093","sp.65","FCX",9,31.1695,30.2567761084186,1,0.16,1,0.29,0.16,0.48,"JU4093",2.3,0.9,5.5,"JU4093",0.000662824207492795,0.000259365994236311,0.0015850144092219,0.127093102196709,"C. sp. 65
 JU4093","FCX5.4","4",14.4481,1
"79","FCX5","JU4093","sp.65","FCX",9,31.1695,30.2567761084186,1,0.16,1,0.29,0.16,0.48,"JU4093",2.3,0.9,5.5,"JU4093",0.000662824207492795,0.000259365994236311,0.0015850144092219,0.127093102196709,"C. sp. 65
 JU4093","FCX5.5","5",17.1982,1
"80","FCX5","JU4093","sp.65","FCX",9,31.1695,30.2567761084186,1,0.16,1,0.29,0.16,0.48,"JU4093",2.3,0.9,5.5,"JU4093",0.000662824207492795,0.000259365994236311,0.0015850144092219,0.127093102196709,"C. sp. 65
 JU4093","FCX5.6","6",16.3518,1
"81","FCX5","JU4093","sp.65","FCX",9,31.1695,30.2567761084186,1,0.16,1,0.29,0.16,0.48,"JU4093",2.3,0.9,5.5,"JU4093",0.000662824207492795,0.000259365994236311,0.0015850144092219,0.127093102196709,"C. sp. 65
 JU4093","FCX5.8","8",16.1262,1
"82","FCX5","JU4093","sp.65","FCX",9,31.1695,30.2567761084186,1,0.16,1,0.29,0.16,0.48,"JU4093",2.3,0.9,5.5,"JU4093",0.000662824207492795,0.000259365994236311,0.0015850144092219,0.127093102196709,"C. sp. 65
 JU4093","FCX5.9","9",18.0452,1
"83","FCX5","JU4093","sp.65","FCX",9,31.1695,30.2567761084186,1,0.16,1,0.29,0.16,0.48,"JU4093",2.3,0.9,5.5,"JU4093",0.000662824207492795,0.000259365994236311,0.0015850144092219,0.127093102196709,"C. sp. 65
 JU4093","FCX5.10","10",Inf,0
"84","FCX6","JU4093","sp.65","FCX",1,NA,26.6560494225053,1,0,1,1,0,1,"JU4093",2.3,0.9,5.5,"JU4093",0.000662824207492795,0.000259365994236311,0.0015850144092219,0.702100147924229,"C. sp. 65
 JU4093","FCX6.1","1",17.2532,1
"85","FCX6","JU4093","sp.65","FCX",1,NA,26.6560494225053,1,0,1,1,0,1,"JU4093",2.3,0.9,5.5,"JU4093",0.000662824207492795,0.000259365994236311,0.0015850144092219,0.702100147924229,"C. sp. 65
 JU4093","FCX6.2","2",Inf,0
"86","FCX7","JU1857","macrosperma","FCX",0,NA,27.0335561991562,1,0,1,1,0,1,"JU1857",300.5,110.5,665.7,"JU1857",0.0865994236311239,0.0318443804034582,0.191844380403458,0.963872918851507,"C. macrosperma
 JU1857","FCX7.1","1",Inf,0
"87","FCX8","JU1857","macrosperma","FCX",1,28.1944,31.648572092369,0.3,0.02,1,0.09,0.01,0.33,"JU1857",300.5,110.5,665.7,"JU1857",0.0865994236311239,0.0318443804034582,0.191844380403458,0.0221619147992224,"C. macrosperma
 JU1857","FCX8.1","1",25.505,1
"88","FCX8","JU1857","macrosperma","FCX",1,28.1944,31.648572092369,0.3,0.02,1,0.09,0.01,0.33,"JU1857",300.5,110.5,665.7,"JU1857",0.0865994236311239,0.0318443804034582,0.191844380403458,0.0221619147992224,"C. macrosperma
 JU1857","FCX8.2","2",Inf,0
"89","FCX9","JU1857","macrosperma","FCX",1,32.67595,28.3521321686456,0,0,0.09,0.74,0.31,0.98,"JU1857",300.5,110.5,665.7,"JU1857",0.0865994236311239,0.0318443804034582,0.191844380403458,0,"C. macrosperma
 JU1857","FCX9.1","1",24.9164,1
"90","FCX9","JU1857","macrosperma","FCX",1,32.67595,28.3521321686456,0,0,0.09,0.74,0.31,0.98,"JU1857",300.5,110.5,665.7,"JU1857",0.0865994236311239,0.0318443804034582,0.191844380403458,0,"C. macrosperma
 JU1857","FCX9.2","2",Inf,0
"91","FCY10","JU4093","sp.65","FCY",1,NA,31.7274954590029,1,0,1,0,0,0.05,"JU4093",2.3,0.9,5.5,"JU4093",0.000662824207492795,0.000259365994236311,0.0015850144092219,0,"C. sp. 65
 JU4093","FCY10.1","1",18.1262,1
"92","FCY10","JU4093","sp.65","FCY",1,NA,31.7274954590029,1,0,1,0,0,0.05,"JU4093",2.3,0.9,5.5,"JU4093",0.000662824207492795,0.000259365994236311,0.0015850144092219,0,"C. sp. 65
 JU4093","FCY10.2","2",Inf,0
"93","FCY11","JU1873","wallacei","FCY",0,32.92595,32.8508754350025,0,0,0.41,0.13,0.05,0.27,"JU1873",17.7,6.1,45.9,"JU1873",0.00510086455331412,0.00175792507204611,0.0132276657060519,0,"C. wallacei
 JU1873","FCY11.1","1",Inf,0
"94","FCY12","JU1873","wallacei","FCY",0,35.7333,32.6987320539075,0,0,0.31,0.16,0.06,0.31,"JU1873",17.7,6.1,45.9,"JU1873",0.00510086455331412,0.00175792507204611,0.0132276657060519,0,"C. wallacei
 JU1873","FCY12.1","1",Inf,0
"95","FCY13","JU1873","wallacei","FCY",1,30.14745,33.2058766575573,0,0,1,0.06,0.02,0.17,"JU1873",17.7,6.1,45.9,"JU1873",0.00510086455331412,0.00175792507204611,0.0132276657060519,0,"C. wallacei
 JU1873","FCY13.1","1",34.0494,1
"96","FCY13","JU1873","wallacei","FCY",1,30.14745,33.2058766575573,0,0,1,0.06,0.02,0.17,"JU1873",17.7,6.1,45.9,"JU1873",0.00510086455331412,0.00175792507204611,0.0132276657060519,0,"C. wallacei
 JU1873","FCY13.2","2",Inf,0
"97","FCY14","JU1873","wallacei","FCY",2,32.4633,32.0394440691629,0,0,0.15,0.29,0.15,0.48,"JU1873",17.7,6.1,45.9,"JU1873",0.00510086455331412,0.00175792507204611,0.0132276657060519,0,"C. wallacei
 JU1873","FCY14.1","1",17.877,1
"98","FCY14","JU1873","wallacei","FCY",2,32.4633,32.0394440691629,0,0,0.15,0.29,0.15,0.48,"JU1873",17.7,6.1,45.9,"JU1873",0.00510086455331412,0.00175792507204611,0.0132276657060519,0,"C. wallacei
 JU1873","FCY14.2","2",25.4357,1
"99","FCY14","JU1873","wallacei","FCY",2,32.4633,32.0394440691629,0,0,0.15,0.29,0.15,0.48,"JU1873",17.7,6.1,45.9,"JU1873",0.00510086455331412,0.00175792507204611,0.0132276657060519,0,"C. wallacei
 JU1873","FCY14.3","3",Inf,0
"100","FCY15","JU724.1","latens","FCY",1,31.4355,31.3603474701486,0,0,0.55,0.12,0.03,0.33,"JU724",26.5,5.7,87.9,"JU724",0.00763688760806916,0.00164265129682997,0.0253314121037464,0,"C. latens
 JU724","FCY15.1","1",21.5894,1
"101","FCY15","JU724.1","latens","FCY",1,31.4355,31.3603474701486,0,0,0.55,0.12,0.03,0.33,"JU724",26.5,5.7,87.9,"JU724",0.00763688760806916,0.00164265129682997,0.0253314121037464,0,"C. latens
 JU724","FCY15.2","2",Inf,0
"102","FCY16","JU724.1","latens","FCY",0,27.80335,31.3603474701486,0.22,0.02,1,0.12,0.05,0.26,"JU724",26.5,5.7,87.9,"JU724",0.00763688760806916,0.00164265129682997,0.0253314121037464,0.0163738945059196,"C. latens
 JU724","FCY16.1","1",Inf,0
"103","FCY17","JU724.1","latens","FCY",3,34.4993,31.3603474701486,0.22,0.02,1,0.12,0.05,0.26,"JU724",26.5,5.7,87.9,"JU724",0.00763688760806916,0.00164265129682997,0.0253314121037464,0.0163738945059196,"C. latens
 JU724","FCY17.1","1",17.2575,1
"104","FCY17","JU724.1","latens","FCY",3,34.4993,31.3603474701486,0.22,0.02,1,0.12,0.05,0.26,"JU724",26.5,5.7,87.9,"JU724",0.00763688760806916,0.00164265129682997,0.0253314121037464,0.0163738945059196,"C. latens
 JU724","FCY17.2","2",25.6675,1
"105","FCY17","JU724.1","latens","FCY",3,34.4993,31.3603474701486,0.22,0.02,1,0.12,0.05,0.26,"JU724",26.5,5.7,87.9,"JU724",0.00763688760806916,0.00164265129682997,0.0253314121037464,0.0163738945059196,"C. latens
 JU724","FCY17.3","3",18.0523,1
"106","FCY17","JU724.1","latens","FCY",3,34.4993,31.3603474701486,0.22,0.02,1,0.12,0.05,0.26,"JU724",26.5,5.7,87.9,"JU724",0.00763688760806916,0.00164265129682997,0.0253314121037464,0.0163738945059196,"C. latens
 JU724","FCY17.4","4",Inf,0
"107","FCY18","JU724.1","latens","FCY",2,34.6547,31.0560607079588,0.15,0.01,1,0.18,0.05,0.41,"JU724",26.5,5.7,87.9,"JU724",0.00763688760806916,0.00164265129682997,0.0253314121037464,0.0173361853124605,"C. latens
 JU724","FCY18.1","1",17.1854,1
"108","FCY18","JU724.1","latens","FCY",2,34.6547,31.0560607079588,0.15,0.01,1,0.18,0.05,0.41,"JU724",26.5,5.7,87.9,"JU724",0.00763688760806916,0.00164265129682997,0.0253314121037464,0.0173361853124605,"C. latens
 JU724","FCY18.2","2",23.5817,1
"109","FCY18","JU724.1","latens","FCY",2,34.6547,31.0560607079588,0.15,0.01,1,0.18,0.05,0.41,"JU724",26.5,5.7,87.9,"JU724",0.00763688760806916,0.00164265129682997,0.0253314121037464,0.0173361853124605,"C. latens
 JU724","FCY18.3","3",Inf,0
"110","FCY19","SB454","sulstoni","FCY",1,24.1549,28.7067113446717,0,0,0.12,0.4,0.15,0.71,"SB454",177.5,61.1,460.1,"SB454",0.0511527377521614,0.0176080691642651,0.132593659942363,0,"C. sulstoni
 SB454","FCY19.1","1",20.211,1
"111","FCY19","SB454","sulstoni","FCY",1,24.1549,28.7067113446717,0,0,0.12,0.4,0.15,0.71,"SB454",177.5,61.1,460.1,"SB454",0.0511527377521614,0.0176080691642651,0.132593659942363,0,"C. sulstoni
 SB454","FCY19.2","2",Inf,0
"112","FCY20","SB454","sulstoni","FCY",10,27.0246,29.4674282501463,1,0.18,1,0.25,0.13,0.42,"SB454",177.5,61.1,460.1,"SB454",0.0511527377521614,0.0176080691642651,0.132593659942363,0.220707004602082,"C. sulstoni
 SB454","FCY20.1","1",11.6587,1
"113","FCY20","SB454","sulstoni","FCY",10,27.0246,29.4674282501463,1,0.18,1,0.25,0.13,0.42,"SB454",177.5,61.1,460.1,"SB454",0.0511527377521614,0.0176080691642651,0.132593659942363,0.220707004602082,"C. sulstoni
 SB454","FCY20.2","2",12.3115,1
"114","FCY20","SB454","sulstoni","FCY",10,27.0246,29.4674282501463,1,0.18,1,0.25,0.13,0.42,"SB454",177.5,61.1,460.1,"SB454",0.0511527377521614,0.0176080691642651,0.132593659942363,0.220707004602082,"C. sulstoni
 SB454","FCY20.3","3",14.155,1
"115","FCY20","SB454","sulstoni","FCY",10,27.0246,29.4674282501463,1,0.18,1,0.25,0.13,0.42,"SB454",177.5,61.1,460.1,"SB454",0.0511527377521614,0.0176080691642651,0.132593659942363,0.220707004602082,"C. sulstoni
 SB454","FCY20.4","4",13.4218,1
"116","FCY20","SB454","sulstoni","FCY",10,27.0246,29.4674282501463,1,0.18,1,0.25,0.13,0.42,"SB454",177.5,61.1,460.1,"SB454",0.0511527377521614,0.0176080691642651,0.132593659942363,0.220707004602082,"C. sulstoni
 SB454","FCY20.5","5",16.6605,1
"117","FCY20","SB454","sulstoni","FCY",10,27.0246,29.4674282501463,1,0.18,1,0.25,0.13,0.42,"SB454",177.5,61.1,460.1,"SB454",0.0511527377521614,0.0176080691642651,0.132593659942363,0.220707004602082,"C. sulstoni
 SB454","FCY20.7","7",11.8148,1
"118","FCY20","SB454","sulstoni","FCY",10,27.0246,29.4674282501463,1,0.18,1,0.25,0.13,0.42,"SB454",177.5,61.1,460.1,"SB454",0.0511527377521614,0.0176080691642651,0.132593659942363,0.220707004602082,"C. sulstoni
 SB454","FCY20.8","8",11.2884,1
"119","FCY20","SB454","sulstoni","FCY",10,27.0246,29.4674282501463,1,0.18,1,0.25,0.13,0.42,"SB454",177.5,61.1,460.1,"SB454",0.0511527377521614,0.0176080691642651,0.132593659942363,0.220707004602082,"C. sulstoni
 SB454","FCY20.6","6",12.7635,1
"120","FCY20","SB454","sulstoni","FCY",10,27.0246,29.4674282501463,1,0.18,1,0.25,0.13,0.42,"SB454",177.5,61.1,460.1,"SB454",0.0511527377521614,0.0176080691642651,0.132593659942363,0.220707004602082,"C. sulstoni
 SB454","FCY20.9","9",11.5414,1
"121","FCY20","SB454","sulstoni","FCY",10,27.0246,29.4674282501463,1,0.18,1,0.25,0.13,0.42,"SB454",177.5,61.1,460.1,"SB454",0.0511527377521614,0.0176080691642651,0.132593659942363,0.220707004602082,"C. sulstoni
 SB454","FCY20.10","10",14.0733,1
"122","FCY21","SB454","sulstoni","FCY",10,21.51325,27.9459944391971,1,0.09,1,0.55,0.24,0.84,"SB454",177.5,61.1,460.1,"SB454",0.0511527377521614,0.0176080691642651,0.132593659942363,0.511739364850115,"C. sulstoni
 SB454","FCY21.1","1",11.8324,1
"123","FCY21","SB454","sulstoni","FCY",10,21.51325,27.9459944391971,1,0.09,1,0.55,0.24,0.84,"SB454",177.5,61.1,460.1,"SB454",0.0511527377521614,0.0176080691642651,0.132593659942363,0.511739364850115,"C. sulstoni
 SB454","FCY21.2","2",12.7301,1
"124","FCY21","SB454","sulstoni","FCY",10,21.51325,27.9459944391971,1,0.09,1,0.55,0.24,0.84,"SB454",177.5,61.1,460.1,"SB454",0.0511527377521614,0.0176080691642651,0.132593659942363,0.511739364850115,"C. sulstoni
 SB454","FCY21.3","3",16.3746,1
"125","FCY21","SB454","sulstoni","FCY",10,21.51325,27.9459944391971,1,0.09,1,0.55,0.24,0.84,"SB454",177.5,61.1,460.1,"SB454",0.0511527377521614,0.0176080691642651,0.132593659942363,0.511739364850115,"C. sulstoni
 SB454","FCY21.4","4",13.1329,1
"126","FCY21","SB454","sulstoni","FCY",10,21.51325,27.9459944391971,1,0.09,1,0.55,0.24,0.84,"SB454",177.5,61.1,460.1,"SB454",0.0511527377521614,0.0176080691642651,0.132593659942363,0.511739364850115,"C. sulstoni
 SB454","FCY21.5","5",15.8738,1
"127","FCY21","SB454","sulstoni","FCY",10,21.51325,27.9459944391971,1,0.09,1,0.55,0.24,0.84,"SB454",177.5,61.1,460.1,"SB454",0.0511527377521614,0.0176080691642651,0.132593659942363,0.511739364850115,"C. sulstoni
 SB454","FCY21.8","8",12.2659,1
"128","FCY21","SB454","sulstoni","FCY",10,21.51325,27.9459944391971,1,0.09,1,0.55,0.24,0.84,"SB454",177.5,61.1,460.1,"SB454",0.0511527377521614,0.0176080691642651,0.132593659942363,0.511739364850115,"C. sulstoni
 SB454","FCY21.7","7",11.395,1
"129","FCY21","SB454","sulstoni","FCY",10,21.51325,27.9459944391971,1,0.09,1,0.55,0.24,0.84,"SB454",177.5,61.1,460.1,"SB454",0.0511527377521614,0.0176080691642651,0.132593659942363,0.511739364850115,"C. sulstoni
 SB454","FCY21.6","6",12.092,1
"130","FCY21","SB454","sulstoni","FCY",10,21.51325,27.9459944391971,1,0.09,1,0.55,0.24,0.84,"SB454",177.5,61.1,460.1,"SB454",0.0511527377521614,0.0176080691642651,0.132593659942363,0.511739364850115,"C. sulstoni
 SB454","FCY21.9","9",11.1391,1
"131","FCY21","SB454","sulstoni","FCY",10,21.51325,27.9459944391971,1,0.09,1,0.55,0.24,0.84,"SB454",177.5,61.1,460.1,"SB454",0.0511527377521614,0.0176080691642651,0.132593659942363,0.511739364850115,"C. sulstoni
 SB454","FCY21.10","10",15.1441,1
"132","FCY22","SB454","sulstoni","FCY",10,27.7143,28.1995667410219,1,0.06,1,0.5,0.22,0.79,"SB454",177.5,61.1,460.1,"SB454",0.0511527377521614,0.0176080691642651,0.132593659942363,0.461873861964826,"C. sulstoni
 SB454","FCY22.1","1",12.2361,1
"133","FCY22","SB454","sulstoni","FCY",10,27.7143,28.1995667410219,1,0.06,1,0.5,0.22,0.79,"SB454",177.5,61.1,460.1,"SB454",0.0511527377521614,0.0176080691642651,0.132593659942363,0.461873861964826,"C. sulstoni
 SB454","FCY22.2","2",12.4925,1
"134","FCY22","SB454","sulstoni","FCY",10,27.7143,28.1995667410219,1,0.06,1,0.5,0.22,0.79,"SB454",177.5,61.1,460.1,"SB454",0.0511527377521614,0.0176080691642651,0.132593659942363,0.461873861964826,"C. sulstoni
 SB454","FCY22.3","3",13.6833,1
"135","FCY22","SB454","sulstoni","FCY",10,27.7143,28.1995667410219,1,0.06,1,0.5,0.22,0.79,"SB454",177.5,61.1,460.1,"SB454",0.0511527377521614,0.0176080691642651,0.132593659942363,0.461873861964826,"C. sulstoni
 SB454","FCY22.4","4",11.4626,1
"136","FCY22","SB454","sulstoni","FCY",10,27.7143,28.1995667410219,1,0.06,1,0.5,0.22,0.79,"SB454",177.5,61.1,460.1,"SB454",0.0511527377521614,0.0176080691642651,0.132593659942363,0.461873861964826,"C. sulstoni
 SB454","FCY22.5","5",12,1
"137","FCY22","SB454","sulstoni","FCY",10,27.7143,28.1995667410219,1,0.06,1,0.5,0.22,0.79,"SB454",177.5,61.1,460.1,"SB454",0.0511527377521614,0.0176080691642651,0.132593659942363,0.461873861964826,"C. sulstoni
 SB454","FCY22.6","6",12.4502,1
"138","FCY22","SB454","sulstoni","FCY",10,27.7143,28.1995667410219,1,0.06,1,0.5,0.22,0.79,"SB454",177.5,61.1,460.1,"SB454",0.0511527377521614,0.0176080691642651,0.132593659942363,0.461873861964826,"C. sulstoni
 SB454","FCY22.7","7",13.7185,1
"139","FCY22","SB454","sulstoni","FCY",10,27.7143,28.1995667410219,1,0.06,1,0.5,0.22,0.79,"SB454",177.5,61.1,460.1,"SB454",0.0511527377521614,0.0176080691642651,0.132593659942363,0.461873861964826,"C. sulstoni
 SB454","FCY22.8","8",13.8197,1
"140","FCY22","SB454","sulstoni","FCY",10,27.7143,28.1995667410219,1,0.06,1,0.5,0.22,0.79,"SB454",177.5,61.1,460.1,"SB454",0.0511527377521614,0.0176080691642651,0.132593659942363,0.461873861964826,"C. sulstoni
 SB454","FCY22.9","9",15.2205,1
"141","FCY22","SB454","sulstoni","FCY",10,27.7143,28.1995667410219,1,0.06,1,0.5,0.22,0.79,"SB454",177.5,61.1,460.1,"SB454",0.0511527377521614,0.0176080691642651,0.132593659942363,0.461873861964826,"C. sulstoni
 SB454","FCY22.10","10",14.4413,1
"142","FCY23","JU1857","macrosperma","FCY",1,34.6761,30.9385696472594,0,0,0.2,0.23,0.11,0.4,"JU1857",300.5,110.5,665.7,"JU1857",0.0865994236311239,0.0318443804034582,0.191844380403458,0,"C. macrosperma
 JU1857","FCY23.1","1",28.64,1
"143","FCY23","JU1857","macrosperma","FCY",1,34.6761,30.9385696472594,0,0,0.2,0.23,0.11,0.4,"JU1857",300.5,110.5,665.7,"JU1857",0.0865994236311239,0.0318443804034582,0.191844380403458,0,"C. macrosperma
 JU1857","FCY23.2","2",Inf,0
"144","FCY24","JU1857","macrosperma","FCY",1,29.06855,31.1414274887193,0,0,0.24,0.19,0.09,0.35,"JU1857",300.5,110.5,665.7,"JU1857",0.0865994236311239,0.0318443804034582,0.191844380403458,0,"C. macrosperma
 JU1857","FCY24.1","1",35.5381,1
"145","FCY24","JU1857","macrosperma","FCY",1,29.06855,31.1414274887193,0,0,0.24,0.19,0.09,0.35,"JU1857",300.5,110.5,665.7,"JU1857",0.0865994236311239,0.0318443804034582,0.191844380403458,0,"C. macrosperma
 JU1857","FCY24.2","2",Inf,0
"146","FCY25","JU1857","macrosperma","FCY",0,26.2148,31.648572092369,0,0,0.63,0.09,0.03,0.22,"JU1857",300.5,110.5,665.7,"JU1857",0.0865994236311239,0.0318443804034582,0.191844380403458,0,"C. macrosperma
 JU1857","FCY25.1","1",Inf,0
"147","FCY26","JU1857","macrosperma","FCY",1,32.80365,31.8007154734639,0,0,1,0.06,0.01,0.16,"JU1857",300.5,110.5,665.7,"JU1857",0.0865994236311239,0.0318443804034582,0.191844380403458,0,"C. macrosperma
 JU1857","FCY26.1","1",35,1
"148","FCY26","JU1857","macrosperma","FCY",1,32.80365,31.8007154734639,0,0,1,0.06,0.01,0.16,"JU1857",300.5,110.5,665.7,"JU1857",0.0865994236311239,0.0318443804034582,0.191844380403458,0,"C. macrosperma
 JU1857","FCY26.2","2",Inf,0
"149","FCY27","VX80","latens","FCY",2,33.9369,29.2815531717692,0.1,0.01,0.49,0.28,0.14,0.46,"VX80",12.3,5.5,25.1,"VX80",0.00354466858789625,0.0015850144092219,0.00723342939481268,0.0192730921151922,"C. latens
 VX80","FCY27.1","1",26.0629,1
"150","FCY27","VX80","latens","FCY",2,33.9369,29.2815531717692,0.1,0.01,0.49,0.28,0.14,0.46,"VX80",12.3,5.5,25.1,"VX80",0.00354466858789625,0.0015850144092219,0.00723342939481268,0.0192730921151922,"C. latens
 VX80","FCY27.2","2",34.793,1
"151","FCY27","VX80","latens","FCY",2,33.9369,29.2815531717692,0.1,0.01,0.49,0.28,0.14,0.46,"VX80",12.3,5.5,25.1,"VX80",0.00354466858789625,0.0015850144092219,0.00723342939481268,0.0192730921151922,"C. latens
 VX80","FCY27.3","3",Inf,0
"152","FCY28","VX80","latens","FCY",0,26.3376,30.0422700772438,0,0,0.37,0.13,0.06,0.26,"VX80",12.3,5.5,25.1,"VX80",0.00354466858789625,0.0015850144092219,0.00723342939481268,0,"C. latens
 VX80","FCY28.1","1",Inf,0
"153","FCY29","VX80","latens","FCY",1,26.8695,30.2451279187037,0,0,0.64,0.09,0.03,0.21,"VX80",12.3,5.5,25.1,"VX80",0.00354466858789625,0.0015850144092219,0.00723342939481268,0,"C. latens
 VX80","FCY29.1","1",33.1531,1
"154","FCY29","VX80","latens","FCY",1,26.8695,30.2451279187037,0,0,0.64,0.09,0.03,0.21,"VX80",12.3,5.5,25.1,"VX80",0.00354466858789625,0.0015850144092219,0.00723342939481268,0,"C. latens
 VX80","FCY29.2","2",Inf,0
"155","FCY3","ZF1092","sp.25","FCY",0,34.78925,32.5892561596406,0,0,0.89,0.08,0.02,0.21,"ZF1092",0.5,0.1,1.9,"ZF1092",0.000144092219020173,2.88184438040346e-05,0.000547550432276657,0,"C. sp. 25
 ZF1092","FCY3.1","1",Inf,0
"156","FCY30","VX80","latens","FCY",0,25.7052,29.8901266961489,0,0,0.31,0.16,0.06,0.31,"VX80",12.3,5.5,25.1,"VX80",0.00354466858789625,0.0015850144092219,0.00723342939481268,0,"C. latens
 VX80","FCY30.1","1",Inf,0
"157","FCY31","JU1428","tropicalis","FCY",1,NA,31.0882924290538,1,0.08,1,0.01,0.01,0.07,"JU1428",66.5,18.1,218.3,"JU1428",0.019164265129683,0.00521613832853026,0.0629106628242075,0.00729306891515942,"C. tropicalis
 JU1428","FCY31.1","1",35.477,1
"158","FCY31","JU1428","tropicalis","FCY",1,NA,31.0882924290538,1,0.08,1,0.01,0.01,0.07,"JU1428",66.5,18.1,218.3,"JU1428",0.019164265129683,0.00521613832853026,0.0629106628242075,0.00729306891515942,"C. tropicalis
 JU1428","FCY31.2","2",Inf,0
"159","FCY32","JU1428","tropicalis","FCY",0,26.3557,30.3275755235791,0.17,0.01,1,0.16,0.06,0.3,"JU1428",66.5,18.1,218.3,"JU1428",0.019164265129683,0.00521613832853026,0.0629106628242075,0.021081643947775,"C. tropicalis
 JU1428","FCY32.1","1",Inf,0
"160","FCY33","JU1428","tropicalis","FCY",0,28.2022,29.5668586181045,0.09,0.01,0.59,0.31,0.09,0.64,"JU1428",66.5,18.1,218.3,"JU1428",0.019164265129683,0.00521613832853026,0.0629106628242075,0.0227685450321795,"C. tropicalis
 JU1428","FCY33.1","1",Inf,0
"161","FCY34","JU1428","tropicalis","FCY",1,33.0848,29.5161441577395,0,0,0.14,0.32,0.17,0.51,"JU1428",66.5,18.1,218.3,"JU1428",0.019164265129683,0.00521613832853026,0.0629106628242075,0,"C. tropicalis
 JU1428","FCY34.1","1",33.5747,1
"162","FCY34","JU1428","tropicalis","FCY",1,33.0848,29.5161441577395,0,0,0.14,0.32,0.17,0.51,"JU1428",66.5,18.1,218.3,"JU1428",0.019164265129683,0.00521613832853026,0.0629106628242075,0,"C. tropicalis
 JU1428","FCY34.2","2",Inf,0
"163","FCY4","ZF1092","sp.25","FCY",0,35.8301,32.7413995407355,0,0,1,0.05,0.01,0.19,"ZF1092",0.5,0.1,1.9,"ZF1092",0.000144092219020173,2.88184438040346e-05,0.000547550432276657,0,"C. sp. 25
 ZF1092","FCY4.1","1",Inf,0
"164","FCY5","ZF1092","sp.25","FCY",1,34.52215,32.3863983181807,0,0,0.43,0.12,0.04,0.26,"ZF1092",0.5,0.1,1.9,"ZF1092",0.000144092219020173,2.88184438040346e-05,0.000547550432276657,0,"C. sp. 25
 ZF1092","FCY5.1","1",20.9783,1
"165","FCY5","ZF1092","sp.25","FCY",1,34.52215,32.3863983181807,0,0,0.43,0.12,0.04,0.26,"ZF1092",0.5,0.1,1.9,"ZF1092",0.000144092219020173,2.88184438040346e-05,0.000547550432276657,0,"C. sp. 25
 ZF1092","FCY5.2","2",Inf,0
"166","FCY6","ZF1092","sp.25","FCY",1,32.9083,32.7921140011005,0,0,1,0.04,0.01,0.17,"ZF1092",0.5,0.1,1.9,"ZF1092",0.000144092219020173,2.88184438040346e-05,0.000547550432276657,0,"C. sp. 25
 ZF1092","FCY6.1","1",35.0693,1
"167","FCY6","ZF1092","sp.25","FCY",1,32.9083,32.7921140011005,0,0,1,0.04,0.01,0.17,"ZF1092",0.5,0.1,1.9,"ZF1092",0.000144092219020173,2.88184438040346e-05,0.000547550432276657,0,"C. sp. 25
 ZF1092","FCY6.2","2",Inf,0
"168","FCY7","JU4093","sp.65","FCY",0,19.6021,31.1189219346232,0.59,0.08,1,0.12,0.05,0.26,"JU4093",2.3,0.9,5.5,"JU4093",0.000662824207492795,0.000259365994236311,0.0015850144092219,0.0265236615153527,"C. sp. 65
 JU4093","FCY7.1","1",Inf,0
"169","FCY8","JU4093","sp.65","FCY",1,29.4065,31.1189219346232,0,0,0.43,0.12,0.04,0.25,"JU4093",2.3,0.9,5.5,"JU4093",0.000662824207492795,0.000259365994236311,0.0015850144092219,0,"C. sp. 65
 JU4093","FCY8.1","1",33.0111,1
"170","FCY8","JU4093","sp.65","FCY",1,29.4065,31.1189219346232,0,0,0.43,0.12,0.04,0.25,"JU4093",2.3,0.9,5.5,"JU4093",0.000662824207492795,0.000259365994236311,0.0015850144092219,0,"C. sp. 65
 JU4093","FCY8.2","2",Inf,0
"171","FCY9","JU4093","sp.65","FCY",0,35.07375,31.4232086968131,0,0,1,0.06,0.01,0.16,"JU4093",2.3,0.9,5.5,"JU4093",0.000662824207492795,0.000259365994236311,0.0015850144092219,0,"C. sp. 65
 JU4093","FCY9.1","1",Inf,0
"172","FCZ10","SB454","sulstoni","FCZ",10,27.709,28.7574258050367,1,0.12,1,0.39,0.22,0.6,"SB454",177.5,61.1,460.1,"SB454",0.0511527377521614,0.0176080691642651,0.132593659942363,0.35385809884517,"C. sulstoni
 SB454","FCZ10.1","1",12.4525,1
"173","FCZ10","SB454","sulstoni","FCZ",10,27.709,28.7574258050367,1,0.12,1,0.39,0.22,0.6,"SB454",177.5,61.1,460.1,"SB454",0.0511527377521614,0.0176080691642651,0.132593659942363,0.35385809884517,"C. sulstoni
 SB454","FCZ10.2","2",13.9363,1
"174","FCZ10","SB454","sulstoni","FCZ",10,27.709,28.7574258050367,1,0.12,1,0.39,0.22,0.6,"SB454",177.5,61.1,460.1,"SB454",0.0511527377521614,0.0176080691642651,0.132593659942363,0.35385809884517,"C. sulstoni
 SB454","FCZ10.3","3",14.5556,1
"175","FCZ10","SB454","sulstoni","FCZ",10,27.709,28.7574258050367,1,0.12,1,0.39,0.22,0.6,"SB454",177.5,61.1,460.1,"SB454",0.0511527377521614,0.0176080691642651,0.132593659942363,0.35385809884517,"C. sulstoni
 SB454","FCZ10.4","4",12.6952,1
"176","FCZ10","SB454","sulstoni","FCZ",10,27.709,28.7574258050367,1,0.12,1,0.39,0.22,0.6,"SB454",177.5,61.1,460.1,"SB454",0.0511527377521614,0.0176080691642651,0.132593659942363,0.35385809884517,"C. sulstoni
 SB454","FCZ10.5","5",13.1241,1
"177","FCZ10","SB454","sulstoni","FCZ",10,27.709,28.7574258050367,1,0.12,1,0.39,0.22,0.6,"SB454",177.5,61.1,460.1,"SB454",0.0511527377521614,0.0176080691642651,0.132593659942363,0.35385809884517,"C. sulstoni
 SB454","FCZ10.8","8",13.7218,1
"178","FCZ10","SB454","sulstoni","FCZ",10,27.709,28.7574258050367,1,0.12,1,0.39,0.22,0.6,"SB454",177.5,61.1,460.1,"SB454",0.0511527377521614,0.0176080691642651,0.132593659942363,0.35385809884517,"C. sulstoni
 SB454","FCZ10.7","7",13.1275,1
"179","FCZ10","SB454","sulstoni","FCZ",10,27.709,28.7574258050367,1,0.12,1,0.39,0.22,0.6,"SB454",177.5,61.1,460.1,"SB454",0.0511527377521614,0.0176080691642651,0.132593659942363,0.35385809884517,"C. sulstoni
 SB454","FCZ10.8","8",14.4361,1
"180","FCZ10","SB454","sulstoni","FCZ",10,27.709,28.7574258050367,1,0.12,1,0.39,0.22,0.6,"SB454",177.5,61.1,460.1,"SB454",0.0511527377521614,0.0176080691642651,0.132593659942363,0.35385809884517,"C. sulstoni
 SB454","FCZ10.9","9",16.1841,1
"181","FCZ10","SB454","sulstoni","FCZ",10,27.709,28.7574258050367,1,0.12,1,0.39,0.22,0.6,"SB454",177.5,61.1,460.1,"SB454",0.0511527377521614,0.0176080691642651,0.132593659942363,0.35385809884517,"C. sulstoni
 SB454","FCZ10.10","10",23.909,1
"182","FCZ11","JU4093","sp.65","FCZ",1,NA,26.6560494225053,1,0.05,1,1,0.05,1,"JU4093",2.3,0.9,5.5,"JU4093",0.000662824207492795,0.000259365994236311,0.0015850144092219,0.702100147924229,"C. sp. 65
 JU4093","FCZ11.1","1",16.9423,1
"183","FCZ11","JU4093","sp.65","FCZ",1,NA,26.6560494225053,1,0.05,1,1,0.05,1,"JU4093",2.3,0.9,5.5,"JU4093",0.000662824207492795,0.000259365994236311,0.0015850144092219,0.702100147924229,"C. sp. 65
 JU4093","FCZ11.2","2",Inf,0
"184","FCZ12","JU4093","sp.65","FCZ",1,32.7561,29.5974881236739,0,0,0.1,0.42,0.22,0.66,"JU4093",2.3,0.9,5.5,"JU4093",0.000662824207492795,0.000259365994236311,0.0015850144092219,0,"C. sp. 65
 JU4093","FCZ12.1","1",30.5979,1
"185","FCZ12","JU4093","sp.65","FCZ",1,32.7561,29.5974881236739,0,0,0.1,0.42,0.22,0.66,"JU4093",2.3,0.9,5.5,"JU4093",0.000662824207492795,0.000259365994236311,0.0015850144092219,0,"C. sp. 65
 JU4093","FCZ12.2","2",Inf,0
"186","FCZ13","JU4093","sp.65","FCZ",1,35.152,30.9160640931633,0,0,0.3,0.16,0.07,0.31,"JU4093",2.3,0.9,5.5,"JU4093",0.000662824207492795,0.000259365994236311,0.0015850144092219,0,"C. sp. 65
 JU4093","FCZ13.1","1",32.6552,1
"187","FCZ13","JU4093","sp.65","FCZ",1,35.152,30.9160640931633,0,0,0.3,0.16,0.07,0.31,"JU4093",2.3,0.9,5.5,"JU4093",0.000662824207492795,0.000259365994236311,0.0015850144092219,0,"C. sp. 65
 JU4093","FCZ13.2","2",Inf,0
"188","FCZ14","JU4093","sp.65","FCZ",0,35.7448,30.5610628706085,0.31,0.05,1,0.23,0.11,0.4,"JU4093",2.3,0.9,5.5,"JU4093",0.000662824207492795,0.000259365994236311,0.0015850144092219,0.0296267487921727,"C. sp. 65
 JU4093","FCZ14.1","1",Inf,0
"189","FCZ15","JU1428","tropicalis","FCZ",0,35.14295,30.1247176821192,0,0,0.24,0.2,0.09,0.36,"JU1428",66.5,18.1,218.3,"JU1428",0.019164265129683,0.00521613832853026,0.0629106628242075,0,"C. tropicalis
 JU1428","FCZ15.1","1",Inf,0
"190","FCZ16","JU1428","tropicalis","FCZ",0,27.0402,29.4654296973746,0,0,0.14,0.33,0.13,0.58,"JU1428",66.5,18.1,218.3,"JU1428",0.019164265129683,0.00521613832853026,0.0629106628242075,0,"C. tropicalis
 JU1428","FCZ16.1","1",Inf,0
"191","FCZ17","JU1428","tropicalis","FCZ",1,35.3801,30.1247176821192,0.13,0.01,0.77,0.2,0.08,0.38,"JU1428",66.5,18.1,218.3,"JU1428",0.019164265129683,0.00521613832853026,0.0629106628242075,0.0204483977867247,"C. tropicalis
 JU1428","FCZ17.1","1",37.8597,1
"192","FCZ17","JU1428","tropicalis","FCZ",1,35.3801,30.1247176821192,0.13,0.01,0.77,0.2,0.08,0.38,"JU1428",66.5,18.1,218.3,"JU1428",0.019164265129683,0.00521613832853026,0.0629106628242075,0.0204483977867247,"C. tropicalis
 JU1428","FCZ17.2","2",Inf,0
"193","FCZ18","JU1428","tropicalis","FCZ",0,31.3263,29.6682875388345,0.09,0.01,0.46,0.29,0.15,0.48,"JU1428",66.5,18.1,218.3,"JU1428",0.019164265129683,0.00521613832853026,0.0629106628242075,0.0211643312928293,"C. tropicalis
 JU1428","FCZ18.1","1",Inf,0
"194","FCZ19","ZF1092","sp.25","FCZ",0,NA,32.9949718425604,1,0,1,0,0,0.08,"ZF1092",0.5,0.1,1.9,"ZF1092",0.000144092219020173,2.88184438040346e-05,0.000547550432276657,0,"C. sp. 25
 ZF1092","FCZ19.1","1",Inf,0
"195","FCZ20","ZF1092","sp.25","FCZ",0,35.6937,32.5385416992756,0,0,1,0.09,0.01,0.34,"ZF1092",0.5,0.1,1.9,"ZF1092",0.000144092219020173,2.88184438040346e-05,0.000547550432276657,0,"C. sp. 25
 ZF1092","FCZ20.1","1",Inf,0
"196","FCZ21","ZF1092","sp.25","FCZ",0,NA,32.8935429218304,1,0.05,1,0.02,0.01,0.16,"ZF1092",0.5,0.1,1.9,"ZF1092",0.000144092219020173,2.88184438040346e-05,0.000547550432276657,0.0028147917057786,"C. sp. 25
 ZF1092","FCZ21.1","1",Inf,0
"197","FCZ22","ZF1092","sp.25","FCZ",1,35.3075,31.4228235712461,0,0,0.17,0.31,0.09,0.64,"ZF1092",0.5,0.1,1.9,"ZF1092",0.000144092219020173,2.88184438040346e-05,0.000547550432276657,0,"C. sp. 25
 ZF1092","FCZ22.1","1",23.9588,1
"198","FCZ22","ZF1092","sp.25","FCZ",1,35.3075,31.4228235712461,0,0,0.17,0.31,0.09,0.64,"ZF1092",0.5,0.1,1.9,"ZF1092",0.000144092219020173,2.88184438040346e-05,0.000547550432276657,0,"C. sp. 25
 ZF1092","FCZ22.2","2",Inf,0
"199","FCZ23","VX80","latens","FCZ",2,28.9121,29.4336965528641,0.11,0.01,0.55,0.25,0.12,0.44,"VX80",12.3,5.5,25.1,"VX80",0.00354466858789625,0.0015850144092219,0.00723342939481268,0.0186451400112024,"C. latens
 VX80","FCZ23.1","1",34.6828,1
"200","FCZ23","VX80","latens","FCZ",2,28.9121,29.4336965528641,0.11,0.01,0.55,0.25,0.12,0.44,"VX80",12.3,5.5,25.1,"VX80",0.00354466858789625,0.0015850144092219,0.00723342939481268,0.0186451400112024,"C. latens
 VX80","FCZ23.2","2",35.0279,1
"201","FCZ23","VX80","latens","FCZ",2,28.9121,29.4336965528641,0.11,0.01,0.55,0.25,0.12,0.44,"VX80",12.3,5.5,25.1,"VX80",0.00354466858789625,0.0015850144092219,0.00723342939481268,0.0186451400112024,"C. latens
 VX80","FCZ23.3","3",Inf,0
"202","FCZ25","VX80","latens","FCZ",1,25.22135,28.3686928851996,0.15,0.03,0.7,0.46,0.17,0.8,"VX80",12.3,5.5,25.1,"VX80",0.00354466858789625,0.0015850144092219,0.00723342939481268,0.0515409367755293,"C. latens
 VX80","FCZ25.1","1",22.5666,1
"203","FCZ25","VX80","latens","FCZ",1,25.22135,28.3686928851996,0.15,0.03,0.7,0.46,0.17,0.8,"VX80",12.3,5.5,25.1,"VX80",0.00354466858789625,0.0015850144092219,0.00723342939481268,0.0515409367755293,"C. latens
 VX80","FCZ25.2","2",Inf,0
"204","FCZ26","VX80","latens","FCZ",0,35.3729,29.2815531717692,0.1,0.01,0.59,0.28,0.1,0.54,"VX80",12.3,5.5,25.1,"VX80",0.00354466858789625,0.0015850144092219,0.00723342939481268,0.0192730921151922,"C. latens
 VX80","FCZ26.1","1",Inf,0
"205","FCZ28","JU1873","wallacei","FCZ",1,NA,31.0758693222283,0.06,0.01,0.26,0.48,0.28,0.71,"JU1873",17.7,6.1,45.9,"JU1873",0.00510086455331412,0.00175792507204611,0.0132276657060519,0.0172355046191658,"C. wallacei
 JU1873","FCZ28.1","1",35.5502,1
"206","FCZ28","JU1873","wallacei","FCZ",1,NA,31.0758693222283,0.06,0.01,0.26,0.48,0.28,0.71,"JU1873",17.7,6.1,45.9,"JU1873",0.00510086455331412,0.00175792507204611,0.0132276657060519,0.0172355046191658,"C. wallacei
 JU1873","FCZ28.2","2",Inf,0
"207","FCZ29","JU1873","wallacei","FCZ",0,35.58005,32.8508754350025,0,0,0.41,0.13,0.05,0.27,"JU1873",17.7,6.1,45.9,"JU1873",0.00510086455331412,0.00175792507204611,0.0132276657060519,0,"C. wallacei
 JU1873","FCZ29.1","1",Inf,0
"208","FCZ3","JU1857","macrosperma","FCZ",0,34.20755,29.9749949003248,0,0,0.1,0.42,0.23,0.64,"JU1857",300.5,110.5,665.7,"JU1857",0.0865994236311239,0.0318443804034582,0.191844380403458,0,"C. macrosperma
 JU1857","FCZ3.1","1",Inf,0
"209","FCZ30","JU1873","wallacei","FCZ",0,33.4667,32.8508754350025,0,0,0.41,0.13,0.05,0.27,"JU1873",17.7,6.1,45.9,"JU1873",0.00510086455331412,0.00175792507204611,0.0132276657060519,0,"C. wallacei
 JU1873","FCZ30.1","1",Inf,0
"210","FCZ31","JU724.2","latens","FCZ",10,24.9617,26.8974749580307,1,0.05,1,1,0.67,1,"JU724",666.9,143.5,2619,"JU724",0.192190201729107,0.0413544668587896,0.754755043227666,0.979449083833226,"C. latens
 JU724","FCZ31.1","1",14.2028,1
"211","FCZ31","JU724.2","latens","FCZ",10,24.9617,26.8974749580307,1,0.05,1,1,0.67,1,"JU724",666.9,143.5,2619,"JU724",0.192190201729107,0.0413544668587896,0.754755043227666,0.979449083833226,"C. latens
 JU724","FCZ31.2","2",14.8579,1
"212","FCZ31","JU724.2","latens","FCZ",10,24.9617,26.8974749580307,1,0.05,1,1,0.67,1,"JU724",666.9,143.5,2619,"JU724",0.192190201729107,0.0413544668587896,0.754755043227666,0.979449083833226,"C. latens
 JU724","FCZ31.3","3",15.9291,1
"213","FCZ31","JU724.2","latens","FCZ",10,24.9617,26.8974749580307,1,0.05,1,1,0.67,1,"JU724",666.9,143.5,2619,"JU724",0.192190201729107,0.0413544668587896,0.754755043227666,0.979449083833226,"C. latens
 JU724","FCZ31.4","4",15.4765,1
"214","FCZ31","JU724.2","latens","FCZ",10,24.9617,26.8974749580307,1,0.05,1,1,0.67,1,"JU724",666.9,143.5,2619,"JU724",0.192190201729107,0.0413544668587896,0.754755043227666,0.979449083833226,"C. latens
 JU724","FCZ31.7","6",15.3156,1
"215","FCZ31","JU724.2","latens","FCZ",10,24.9617,26.8974749580307,1,0.05,1,1,0.67,1,"JU724",666.9,143.5,2619,"JU724",0.192190201729107,0.0413544668587896,0.754755043227666,0.979449083833226,"C. latens
 JU724","FCZ31.8","8",17,1
"216","FCZ31","JU724.2","latens","FCZ",10,24.9617,26.8974749580307,1,0.05,1,1,0.67,1,"JU724",666.9,143.5,2619,"JU724",0.192190201729107,0.0413544668587896,0.754755043227666,0.979449083833226,"C. latens
 JU724","FCZ31.7","7",18.1819,1
"217","FCZ31","JU724.2","latens","FCZ",10,24.9617,26.8974749580307,1,0.05,1,1,0.67,1,"JU724",666.9,143.5,2619,"JU724",0.192190201729107,0.0413544668587896,0.754755043227666,0.979449083833226,"C. latens
 JU724","FCZ31.5","5",17.7233,1
"218","FCZ31","JU724.2","latens","FCZ",10,24.9617,26.8974749580307,1,0.05,1,1,0.67,1,"JU724",666.9,143.5,2619,"JU724",0.192190201729107,0.0413544668587896,0.754755043227666,0.979449083833226,"C. latens
 JU724","FCZ31.10","10",16.2828,1
"219","FCZ31","JU724.2","latens","FCZ",10,24.9617,26.8974749580307,1,0.05,1,1,0.67,1,"JU724",666.9,143.5,2619,"JU724",0.192190201729107,0.0413544668587896,0.754755043227666,0.979449083833226,"C. latens
 JU724","FCZ31.9","9",16,1
"220","FCZ32","JU724.2","latens","FCZ",10,25.89155,27.9117641653303,1,0.06,1,0.8,0.5,0.98,"JU724",666.9,143.5,2619,"JU724",0.192190201729107,0.0413544668587896,0.754755043227666,0.774234390403152,"C. latens
 JU724","FCZ32.1","1",16.0309,1
"221","FCZ32","JU724.2","latens","FCZ",10,25.89155,27.9117641653303,1,0.06,1,0.8,0.5,0.98,"JU724",666.9,143.5,2619,"JU724",0.192190201729107,0.0413544668587896,0.754755043227666,0.774234390403152,"C. latens
 JU724","FCZ32.2","2",13.5929,1
"222","FCZ32","JU724.2","latens","FCZ",10,25.89155,27.9117641653303,1,0.06,1,0.8,0.5,0.98,"JU724",666.9,143.5,2619,"JU724",0.192190201729107,0.0413544668587896,0.754755043227666,0.774234390403152,"C. latens
 JU724","FCZ32.3","3",16.0121,1
"223","FCZ32","JU724.2","latens","FCZ",10,25.89155,27.9117641653303,1,0.06,1,0.8,0.5,0.98,"JU724",666.9,143.5,2619,"JU724",0.192190201729107,0.0413544668587896,0.754755043227666,0.774234390403152,"C. latens
 JU724","FCZ32.4","4",15.7415,1
"224","FCZ32","JU724.2","latens","FCZ",10,25.89155,27.9117641653303,1,0.06,1,0.8,0.5,0.98,"JU724",666.9,143.5,2619,"JU724",0.192190201729107,0.0413544668587896,0.754755043227666,0.774234390403152,"C. latens
 JU724","FCZ32.6","6",16.5889,1
"225","FCZ32","JU724.2","latens","FCZ",10,25.89155,27.9117641653303,1,0.06,1,0.8,0.5,0.98,"JU724",666.9,143.5,2619,"JU724",0.192190201729107,0.0413544668587896,0.754755043227666,0.774234390403152,"C. latens
 JU724","FCZ32.5","5",15.8344,1
"226","FCZ32","JU724.2","latens","FCZ",10,25.89155,27.9117641653303,1,0.06,1,0.8,0.5,0.98,"JU724",666.9,143.5,2619,"JU724",0.192190201729107,0.0413544668587896,0.754755043227666,0.774234390403152,"C. latens
 JU724","FCZ32.7","7",15.2254,1
"227","FCZ32","JU724.2","latens","FCZ",10,25.89155,27.9117641653303,1,0.06,1,0.8,0.5,0.98,"JU724",666.9,143.5,2619,"JU724",0.192190201729107,0.0413544668587896,0.754755043227666,0.774234390403152,"C. latens
 JU724","FCZ32.10","10",15.4529,1
"228","FCZ32","JU724.2","latens","FCZ",10,25.89155,27.9117641653303,1,0.06,1,0.8,0.5,0.98,"JU724",666.9,143.5,2619,"JU724",0.192190201729107,0.0413544668587896,0.754755043227666,0.774234390403152,"C. latens
 JU724","FCZ32.8","8",15.3436,1
"229","FCZ32","JU724.2","latens","FCZ",10,25.89155,27.9117641653303,1,0.06,1,0.8,0.5,0.98,"JU724",666.9,143.5,2619,"JU724",0.192190201729107,0.0413544668587896,0.754755043227666,0.774234390403152,"C. latens
 JU724","FCZ32.9","9",16.7214,1
"230","FCZ4","JU1857","macrosperma","FCZ",1,26.6072,30.7357118057995,0,0,0.17,0.27,0.14,0.44,"JU1857",300.5,110.5,665.7,"JU1857",0.0865994236311239,0.0318443804034582,0.191844380403458,0,"C. macrosperma
 JU1857","FCZ4.1","1",28.4634,1
"231","FCZ4","JU1857","macrosperma","FCZ",1,26.6072,30.7357118057995,0,0,0.17,0.27,0.14,0.44,"JU1857",300.5,110.5,665.7,"JU1857",0.0865994236311239,0.0318443804034582,0.191844380403458,0,"C. macrosperma
 JU1857","FCZ4.2","2",Inf,0
"232","FCZ5","JU1857","macrosperma","FCZ",0,35.425,30.8878551868944,0,0,0.19,0.24,0.11,0.41,"JU1857",300.5,110.5,665.7,"JU1857",0.0865994236311239,0.0318443804034582,0.191844380403458,0,"C. macrosperma
 JU1857","FCZ5.1","1",Inf,0
"233","FCZ6","JU1857","macrosperma","FCZ",1,31.7874,30.6849973454345,0,0,0.16,0.28,0.14,0.47,"JU1857",300.5,110.5,665.7,"JU1857",0.0865994236311239,0.0318443804034582,0.191844380403458,0,"C. macrosperma
 JU1857","FCZ6.1","1",34.9624,1
"234","FCZ6","JU1857","macrosperma","FCZ",1,31.7874,30.6849973454345,0,0,0.16,0.28,0.14,0.47,"JU1857",300.5,110.5,665.7,"JU1857",0.0865994236311239,0.0318443804034582,0.191844380403458,0,"C. macrosperma
 JU1857","FCZ6.2","2",Inf,0
"235","FCZ7","SB454","sulstoni","FCZ",10,25.4303,26.6781329300727,1,0.06,1,0.8,0.5,0.98,"SB454",177.5,61.1,460.1,"SB454",0.0511527377521614,0.0176080691642651,0.132593659942363,0.765866093096727,"C. sulstoni
 SB454","FCZ7.1","1",12.2265,1
"236","FCZ7","SB454","sulstoni","FCZ",10,25.4303,26.6781329300727,1,0.06,1,0.8,0.5,0.98,"SB454",177.5,61.1,460.1,"SB454",0.0511527377521614,0.0176080691642651,0.132593659942363,0.765866093096727,"C. sulstoni
 SB454","FCZ7.2","2",13.0446,1
"237","FCZ7","SB454","sulstoni","FCZ",10,25.4303,26.6781329300727,1,0.06,1,0.8,0.5,0.98,"SB454",177.5,61.1,460.1,"SB454",0.0511527377521614,0.0176080691642651,0.132593659942363,0.765866093096727,"C. sulstoni
 SB454","FCZ7.3","3",13.7462,1
"238","FCZ7","SB454","sulstoni","FCZ",10,25.4303,26.6781329300727,1,0.06,1,0.8,0.5,0.98,"SB454",177.5,61.1,460.1,"SB454",0.0511527377521614,0.0176080691642651,0.132593659942363,0.765866093096727,"C. sulstoni
 SB454","FCZ7.4","4",14.0331,1
"239","FCZ7","SB454","sulstoni","FCZ",10,25.4303,26.6781329300727,1,0.06,1,0.8,0.5,0.98,"SB454",177.5,61.1,460.1,"SB454",0.0511527377521614,0.0176080691642651,0.132593659942363,0.765866093096727,"C. sulstoni
 SB454","FCZ7.5","5",13.9994,1
"240","FCZ7","SB454","sulstoni","FCZ",10,25.4303,26.6781329300727,1,0.06,1,0.8,0.5,0.98,"SB454",177.5,61.1,460.1,"SB454",0.0511527377521614,0.0176080691642651,0.132593659942363,0.765866093096727,"C. sulstoni
 SB454","FCZ7.6","6",12.5747,1
"241","FCZ7","SB454","sulstoni","FCZ",10,25.4303,26.6781329300727,1,0.06,1,0.8,0.5,0.98,"SB454",177.5,61.1,460.1,"SB454",0.0511527377521614,0.0176080691642651,0.132593659942363,0.765866093096727,"C. sulstoni
 SB454","FCZ7.7","7",14.0162,1
"242","FCZ7","SB454","sulstoni","FCZ",10,25.4303,26.6781329300727,1,0.06,1,0.8,0.5,0.98,"SB454",177.5,61.1,460.1,"SB454",0.0511527377521614,0.0176080691642651,0.132593659942363,0.765866093096727,"C. sulstoni
 SB454","FCZ7.8","8",12.0793,1
"243","FCZ7","SB454","sulstoni","FCZ",10,25.4303,26.6781329300727,1,0.06,1,0.8,0.5,0.98,"SB454",177.5,61.1,460.1,"SB454",0.0511527377521614,0.0176080691642651,0.132593659942363,0.765866093096727,"C. sulstoni
 SB454","FCZ7.9","9",12.8302,1
"244","FCZ7","SB454","sulstoni","FCZ",10,25.4303,26.6781329300727,1,0.06,1,0.8,0.5,0.98,"SB454",177.5,61.1,460.1,"SB454",0.0511527377521614,0.0176080691642651,0.132593659942363,0.765866093096727,"C. sulstoni
 SB454","FCZ7.10","10",12.9735,1
"245","FCZ8","SB454","sulstoni","FCZ",10,27.5873,26.6781329300727,1,0.06,1,0.8,0.5,0.98,"SB454",177.5,61.1,460.1,"SB454",0.0511527377521614,0.0176080691642651,0.132593659942363,0.765866093096727,"C. sulstoni
 SB454","FCZ8.1","1",11.158,1
"246","FCZ8","SB454","sulstoni","FCZ",10,27.5873,26.6781329300727,1,0.06,1,0.8,0.5,0.98,"SB454",177.5,61.1,460.1,"SB454",0.0511527377521614,0.0176080691642651,0.132593659942363,0.765866093096727,"C. sulstoni
 SB454","FCZ8.2","2",11.4187,1
"247","FCZ8","SB454","sulstoni","FCZ",10,27.5873,26.6781329300727,1,0.06,1,0.8,0.5,0.98,"SB454",177.5,61.1,460.1,"SB454",0.0511527377521614,0.0176080691642651,0.132593659942363,0.765866093096727,"C. sulstoni
 SB454","FCZ8.3","3",11.5629,1
"248","FCZ8","SB454","sulstoni","FCZ",10,27.5873,26.6781329300727,1,0.06,1,0.8,0.5,0.98,"SB454",177.5,61.1,460.1,"SB454",0.0511527377521614,0.0176080691642651,0.132593659942363,0.765866093096727,"C. sulstoni
 SB454","FCZ8.4","4",12.8881,1
"249","FCZ8","SB454","sulstoni","FCZ",10,27.5873,26.6781329300727,1,0.06,1,0.8,0.5,0.98,"SB454",177.5,61.1,460.1,"SB454",0.0511527377521614,0.0176080691642651,0.132593659942363,0.765866093096727,"C. sulstoni
 SB454","FCZ8.5","5",11.539,1
"250","FCZ8","SB454","sulstoni","FCZ",10,27.5873,26.6781329300727,1,0.06,1,0.8,0.5,0.98,"SB454",177.5,61.1,460.1,"SB454",0.0511527377521614,0.0176080691642651,0.132593659942363,0.765866093096727,"C. sulstoni
 SB454","FCZ8.6","6",11.5207,1
"251","FCZ8","SB454","sulstoni","FCZ",10,27.5873,26.6781329300727,1,0.06,1,0.8,0.5,0.98,"SB454",177.5,61.1,460.1,"SB454",0.0511527377521614,0.0176080691642651,0.132593659942363,0.765866093096727,"C. sulstoni
 SB454","FCZ8.7","7",12.6893,1
"252","FCZ8","SB454","sulstoni","FCZ",10,27.5873,26.6781329300727,1,0.06,1,0.8,0.5,0.98,"SB454",177.5,61.1,460.1,"SB454",0.0511527377521614,0.0176080691642651,0.132593659942363,0.765866093096727,"C. sulstoni
 SB454","FCZ8.9","9",11.7012,1
"253","FCZ8","SB454","sulstoni","FCZ",10,27.5873,26.6781329300727,1,0.06,1,0.8,0.5,0.98,"SB454",177.5,61.1,460.1,"SB454",0.0511527377521614,0.0176080691642651,0.132593659942363,0.765866093096727,"C. sulstoni
 SB454","FCZ8.9","9",12.9382,1
"254","FCZ8","SB454","sulstoni","FCZ",10,27.5873,26.6781329300727,1,0.06,1,0.8,0.5,0.98,"SB454",177.5,61.1,460.1,"SB454",0.0511527377521614,0.0176080691642651,0.132593659942363,0.765866093096727,"C. sulstoni
 SB454","FCZ8.10","10",24.7933,1
"255","FCZ9","SB454","sulstoni","FCZ",4,33.1015,30.278859615986,0,0,0.63,0.09,0.03,0.22,"SB454",177.5,61.1,460.1,"SB454",0.0511527377521614,0.0176080691642651,0.132593659942363,0,"C. sulstoni
 SB454","FCZ9.1","1",15.0439,1
"256","FCZ9","SB454","sulstoni","FCZ",4,33.1015,30.278859615986,0,0,0.63,0.09,0.03,0.22,"SB454",177.5,61.1,460.1,"SB454",0.0511527377521614,0.0176080691642651,0.132593659942363,0,"C. sulstoni
 SB454","FCZ9.2","2",15.4975,1
"257","FCZ9","SB454","sulstoni","FCZ",4,33.1015,30.278859615986,0,0,0.63,0.09,0.03,0.22,"SB454",177.5,61.1,460.1,"SB454",0.0511527377521614,0.0176080691642651,0.132593659942363,0,"C. sulstoni
 SB454","FCZ9.3","3",16.8778,1
"258","FCZ9","SB454","sulstoni","FCZ",4,33.1015,30.278859615986,0,0,0.63,0.09,0.03,0.22,"SB454",177.5,61.1,460.1,"SB454",0.0511527377521614,0.0176080691642651,0.132593659942363,0,"C. sulstoni
 SB454","FCZ9.4","4",24.6301,1
"259","FCZ9","SB454","sulstoni","FCZ",4,33.1015,30.278859615986,0,0,0.63,0.09,0.03,0.22,"SB454",177.5,61.1,460.1,"SB454",0.0511527377521614,0.0176080691642651,0.132593659942363,0,"C. sulstoni
 SB454","FCZ9.5","5",Inf,0
"260","FDI10","JU1428","tropicalis","FDI",0,26.8141,30.3275755235791,0,0,0.31,0.16,0.06,0.31,"JU1428",66.5,18.1,218.3,"JU1428",0.019164265129683,0.00521613832853026,0.0629106628242075,0,"C. tropicalis
 JU1428","FDI10.1","1",Inf,0
"261","FDI11","JU1857","macrosperma","FDI",1,31.9247,31.8007154734639,0,0,1,0.06,0.02,0.17,"JU1857",300.5,110.5,665.7,"JU1857",0.0865994236311239,0.0318443804034582,0.191844380403458,0,"C. macrosperma
 JU1857","FDI11.1","1",39.2268,1
"262","FDI12","JU1857","macrosperma","FDI",1,29.6668,31.2935708698142,0,0,0.31,0.16,0.06,0.31,"JU1857",300.5,110.5,665.7,"JU1857",0.0865994236311239,0.0318443804034582,0.191844380403458,0,"C. macrosperma
 JU1857","FDI12.1","1",32.6927,1
"263","FDI12","JU1857","macrosperma","FDI",1,29.6668,31.2935708698142,0,0,0.31,0.16,0.06,0.31,"JU1857",300.5,110.5,665.7,"JU1857",0.0865994236311239,0.0318443804034582,0.191844380403458,0,"C. macrosperma
 JU1857","FDI12.2","2",Inf,0
"264","FDI14","JU1857","macrosperma","FDI",0,34.597,31.2935708698142,0,0,0.32,0.16,0.06,0.3,"JU1857",300.5,110.5,665.7,"JU1857",0.0865994236311239,0.0318443804034582,0.191844380403458,0,"C. macrosperma
 JU1857","FDI14.1","1",Inf,0
"265","FDI15","SB454","sulstoni","FDI",10,27.1748,25.6638437227731,1,0.05,1,1,0.67,1,"SB454",177.5,61.1,460.1,"SB454",0.0511527377521614,0.0176080691642651,0.132593659942363,0.972173021746365,"C. sulstoni
 SB454","FDI15.1","1",12.5535,1
"266","FDI15","SB454","sulstoni","FDI",10,27.1748,25.6638437227731,1,0.05,1,1,0.67,1,"SB454",177.5,61.1,460.1,"SB454",0.0511527377521614,0.0176080691642651,0.132593659942363,0.972173021746365,"C. sulstoni
 SB454","FDI15.3","3",12.8251,1
"267","FDI15","SB454","sulstoni","FDI",10,27.1748,25.6638437227731,1,0.05,1,1,0.67,1,"SB454",177.5,61.1,460.1,"SB454",0.0511527377521614,0.0176080691642651,0.132593659942363,0.972173021746365,"C. sulstoni
 SB454","FDI15.2","2",14.2981,1
"268","FDI15","SB454","sulstoni","FDI",10,27.1748,25.6638437227731,1,0.05,1,1,0.67,1,"SB454",177.5,61.1,460.1,"SB454",0.0511527377521614,0.0176080691642651,0.132593659942363,0.972173021746365,"C. sulstoni
 SB454","FDI15.4","4",14,1
"269","FDI15","SB454","sulstoni","FDI",10,27.1748,25.6638437227731,1,0.05,1,1,0.67,1,"SB454",177.5,61.1,460.1,"SB454",0.0511527377521614,0.0176080691642651,0.132593659942363,0.972173021746365,"C. sulstoni
 SB454","FDI15.6","6",14.747,1
"270","FDI15","SB454","sulstoni","FDI",10,27.1748,25.6638437227731,1,0.05,1,1,0.67,1,"SB454",177.5,61.1,460.1,"SB454",0.0511527377521614,0.0176080691642651,0.132593659942363,0.972173021746365,"C. sulstoni
 SB454","FDI15.5","5",14,1
"271","FDI15","SB454","sulstoni","FDI",10,27.1748,25.6638437227731,1,0.05,1,1,0.67,1,"SB454",177.5,61.1,460.1,"SB454",0.0511527377521614,0.0176080691642651,0.132593659942363,0.972173021746365,"C. sulstoni
 SB454","FDI15.7","7",13,1
"272","FDI15","SB454","sulstoni","FDI",10,27.1748,25.6638437227731,1,0.05,1,1,0.67,1,"SB454",177.5,61.1,460.1,"SB454",0.0511527377521614,0.0176080691642651,0.132593659942363,0.972173021746365,"C. sulstoni
 SB454","FDI15.9","9",13.9587,1
"273","FDI15","SB454","sulstoni","FDI",10,27.1748,25.6638437227731,1,0.05,1,1,0.67,1,"SB454",177.5,61.1,460.1,"SB454",0.0511527377521614,0.0176080691642651,0.132593659942363,0.972173021746365,"C. sulstoni
 SB454","FDI15.8","8",13.8754,1
"274","FDI15","SB454","sulstoni","FDI",10,27.1748,25.6638437227731,1,0.05,1,1,0.67,1,"SB454",177.5,61.1,460.1,"SB454",0.0511527377521614,0.0176080691642651,0.132593659942363,0.972173021746365,"C. sulstoni
 SB454","FDI15.10","10",12.9951,1
"275","FDI17","SB454","sulstoni","FDI",10,27.1513,28.5545679635768,1,0.11,1,0.43,0.24,0.66,"SB454",177.5,61.1,460.1,"SB454",0.0511527377521614,0.0176080691642651,0.132593659942363,0.392838484918672,"C. sulstoni
 SB454","FDI17.1","1",11.9068,1
"276","FDI17","SB454","sulstoni","FDI",10,27.1513,28.5545679635768,1,0.11,1,0.43,0.24,0.66,"SB454",177.5,61.1,460.1,"SB454",0.0511527377521614,0.0176080691642651,0.132593659942363,0.392838484918672,"C. sulstoni
 SB454","FDI17.2","2",13.57,1
"277","FDI17","SB454","sulstoni","FDI",10,27.1513,28.5545679635768,1,0.11,1,0.43,0.24,0.66,"SB454",177.5,61.1,460.1,"SB454",0.0511527377521614,0.0176080691642651,0.132593659942363,0.392838484918672,"C. sulstoni
 SB454","FDI17.3","3",11.6257,1
"278","FDI17","SB454","sulstoni","FDI",10,27.1513,28.5545679635768,1,0.11,1,0.43,0.24,0.66,"SB454",177.5,61.1,460.1,"SB454",0.0511527377521614,0.0176080691642651,0.132593659942363,0.392838484918672,"C. sulstoni
 SB454","FDI17.5","5",13.2161,1
"279","FDI17","SB454","sulstoni","FDI",10,27.1513,28.5545679635768,1,0.11,1,0.43,0.24,0.66,"SB454",177.5,61.1,460.1,"SB454",0.0511527377521614,0.0176080691642651,0.132593659942363,0.392838484918672,"C. sulstoni
 SB454","FDI17.4","4",12.2353,1
"280","FDI17","SB454","sulstoni","FDI",10,27.1513,28.5545679635768,1,0.11,1,0.43,0.24,0.66,"SB454",177.5,61.1,460.1,"SB454",0.0511527377521614,0.0176080691642651,0.132593659942363,0.392838484918672,"C. sulstoni
 SB454","FDI17.6","6",13.3039,1
"281","FDI17","SB454","sulstoni","FDI",10,27.1513,28.5545679635768,1,0.11,1,0.43,0.24,0.66,"SB454",177.5,61.1,460.1,"SB454",0.0511527377521614,0.0176080691642651,0.132593659942363,0.392838484918672,"C. sulstoni
 SB454","FDI17.7","7",12.6362,1
"282","FDI17","SB454","sulstoni","FDI",10,27.1513,28.5545679635768,1,0.11,1,0.43,0.24,0.66,"SB454",177.5,61.1,460.1,"SB454",0.0511527377521614,0.0176080691642651,0.132593659942363,0.392838484918672,"C. sulstoni
 SB454","FDI17.9","9",12.7556,1
"283","FDI17","SB454","sulstoni","FDI",10,27.1513,28.5545679635768,1,0.11,1,0.43,0.24,0.66,"SB454",177.5,61.1,460.1,"SB454",0.0511527377521614,0.0176080691642651,0.132593659942363,0.392838484918672,"C. sulstoni
 SB454","FDI17.8","8",12.8801,1
"284","FDI17","SB454","sulstoni","FDI",10,27.1513,28.5545679635768,1,0.11,1,0.43,0.24,0.66,"SB454",177.5,61.1,460.1,"SB454",0.0511527377521614,0.0176080691642651,0.132593659942363,0.392838484918672,"C. sulstoni
 SB454","FDI17.10","10",12.311,1
"285","FDI18","SB454","sulstoni","FDI",10,25.3988,27.2867064544524,1,0.07,1,0.68,0.43,0.89,"SB454",177.5,61.1,460.1,"SB454",0.0511527377521614,0.0176080691642651,0.132593659942363,0.643083576292392,"C. sulstoni
 SB454","FDI18.1","1",12.2359,1
"286","FDI18","SB454","sulstoni","FDI",10,25.3988,27.2867064544524,1,0.07,1,0.68,0.43,0.89,"SB454",177.5,61.1,460.1,"SB454",0.0511527377521614,0.0176080691642651,0.132593659942363,0.643083576292392,"C. sulstoni
 SB454","FDI18.2","2",14.2414,1
"287","FDI18","SB454","sulstoni","FDI",10,25.3988,27.2867064544524,1,0.07,1,0.68,0.43,0.89,"SB454",177.5,61.1,460.1,"SB454",0.0511527377521614,0.0176080691642651,0.132593659942363,0.643083576292392,"C. sulstoni
 SB454","FDI18.3","3",15.1073,1
"288","FDI18","SB454","sulstoni","FDI",10,25.3988,27.2867064544524,1,0.07,1,0.68,0.43,0.89,"SB454",177.5,61.1,460.1,"SB454",0.0511527377521614,0.0176080691642651,0.132593659942363,0.643083576292392,"C. sulstoni
 SB454","FDI18.4","4",11.6695,1
"289","FDI18","SB454","sulstoni","FDI",10,25.3988,27.2867064544524,1,0.07,1,0.68,0.43,0.89,"SB454",177.5,61.1,460.1,"SB454",0.0511527377521614,0.0176080691642651,0.132593659942363,0.643083576292392,"C. sulstoni
 SB454","FDI18.5","5",12.1149,1
"290","FDI18","SB454","sulstoni","FDI",10,25.3988,27.2867064544524,1,0.07,1,0.68,0.43,0.89,"SB454",177.5,61.1,460.1,"SB454",0.0511527377521614,0.0176080691642651,0.132593659942363,0.643083576292392,"C. sulstoni
 SB454","FDI18.7","7",13.3458,1
"291","FDI18","SB454","sulstoni","FDI",10,25.3988,27.2867064544524,1,0.07,1,0.68,0.43,0.89,"SB454",177.5,61.1,460.1,"SB454",0.0511527377521614,0.0176080691642651,0.132593659942363,0.643083576292392,"C. sulstoni
 SB454","FDI18.6","6",12.9354,1
"292","FDI18","SB454","sulstoni","FDI",10,25.3988,27.2867064544524,1,0.07,1,0.68,0.43,0.89,"SB454",177.5,61.1,460.1,"SB454",0.0511527377521614,0.0176080691642651,0.132593659942363,0.643083576292392,"C. sulstoni
 SB454","FDI18.8","8",12.2873,1
"293","FDI18","SB454","sulstoni","FDI",10,25.3988,27.2867064544524,1,0.07,1,0.68,0.43,0.89,"SB454",177.5,61.1,460.1,"SB454",0.0511527377521614,0.0176080691642651,0.132593659942363,0.643083576292392,"C. sulstoni
 SB454","FDI18.10","10",13.0235,1
"294","FDI18","SB454","sulstoni","FDI",10,25.3988,27.2867064544524,1,0.07,1,0.68,0.43,0.89,"SB454",177.5,61.1,460.1,"SB454",0.0511527377521614,0.0176080691642651,0.132593659942363,0.643083576292392,"C. sulstoni
 SB454","FDI18.9","9",12.2992,1
"295","FDI23","JU4093","sp.65","FDI",1,32.1163,30.5103484102435,0.29,0.05,1,0.24,0.12,0.42,"JU4093",2.3,0.9,5.5,"JU4093",0.000662824207492795,0.000259365994236311,0.0015850144092219,0.0291828111940911,"C. sp. 65
 JU4093","FDI23.1","1",20.1848,1
"296","FDI23","JU4093","sp.65","FDI",1,32.1163,30.5103484102435,0.29,0.05,1,0.24,0.12,0.42,"JU4093",2.3,0.9,5.5,"JU4093",0.000662824207492795,0.000259365994236311,0.0015850144092219,0.0291828111940911,"C. sp. 65
 JU4093","FDI23.2","2",Inf,0
"297","FDI24","JU4093","sp.65","FDI",2,31.38835,29.7496315047688,1,0.12,1,0.39,0.22,0.6,"JU4093",2.3,0.9,5.5,"JU4093",0.000662824207492795,0.000259365994236311,0.0015850144092219,0.185856204226912,"C. sp. 65
 JU4093","FDI24.1","1",19.2187,1
"298","FDI24","JU4093","sp.65","FDI",2,31.38835,29.7496315047688,1,0.12,1,0.39,0.22,0.6,"JU4093",2.3,0.9,5.5,"JU4093",0.000662824207492795,0.000259365994236311,0.0015850144092219,0.185856204226912,"C. sp. 65
 JU4093","FDI24.2","2",33.5953,1
"299","FDI24","JU4093","sp.65","FDI",2,31.38835,29.7496315047688,1,0.12,1,0.39,0.22,0.6,"JU4093",2.3,0.9,5.5,"JU4093",0.000662824207492795,0.000259365994236311,0.0015850144092219,0.185856204226912,"C. sp. 65
 JU4093","FDI24.3","3",Inf,0
"300","FDI25","JU4093","sp.65","FDI",6,31.454,26.6560494225053,1,0.05,1,1,0.67,1,"JU4093",2.3,0.9,5.5,"JU4093",0.000662824207492795,0.000259365994236311,0.0015850144092219,0.702100147924229,"C. sp. 65
 JU4093","FDI25.1","1",16.2864,1
"301","FDI25","JU4093","sp.65","FDI",6,31.454,26.6560494225053,1,0.05,1,1,0.67,1,"JU4093",2.3,0.9,5.5,"JU4093",0.000662824207492795,0.000259365994236311,0.0015850144092219,0.702100147924229,"C. sp. 65
 JU4093","FDI25.2","2",14.7953,1
"302","FDI25","JU4093","sp.65","FDI",6,31.454,26.6560494225053,1,0.05,1,1,0.67,1,"JU4093",2.3,0.9,5.5,"JU4093",0.000662824207492795,0.000259365994236311,0.0015850144092219,0.702100147924229,"C. sp. 65
 JU4093","FDI25.3","3",16.2004,1
"303","FDI25","JU4093","sp.65","FDI",6,31.454,26.6560494225053,1,0.05,1,1,0.67,1,"JU4093",2.3,0.9,5.5,"JU4093",0.000662824207492795,0.000259365994236311,0.0015850144092219,0.702100147924229,"C. sp. 65
 JU4093","FDI25.4","4",15.567,1
"304","FDI25","JU4093","sp.65","FDI",6,31.454,26.6560494225053,1,0.05,1,1,0.67,1,"JU4093",2.3,0.9,5.5,"JU4093",0.000662824207492795,0.000259365994236311,0.0015850144092219,0.702100147924229,"C. sp. 65
 JU4093","FDI25.5","5",16.1804,1
"305","FDI25","JU4093","sp.65","FDI",6,31.454,26.6560494225053,1,0.05,1,1,0.67,1,"JU4093",2.3,0.9,5.5,"JU4093",0.000662824207492795,0.000259365994236311,0.0015850144092219,0.702100147924229,"C. sp. 65
 JU4093","FDI25.6","6",17.479,1
"306","FDI25","JU4093","sp.65","FDI",6,31.454,26.6560494225053,1,0.05,1,1,0.67,1,"JU4093",2.3,0.9,5.5,"JU4093",0.000662824207492795,0.000259365994236311,0.0015850144092219,0.702100147924229,"C. sp. 65
 JU4093","FDI25.7","7",Inf,0
"307","FDI26","JU4093","sp.65","FDI",3,28.1937,29.496059202944,1,0.11,1,0.44,0.26,0.65,"JU4093",2.3,0.9,5.5,"JU4093",0.000662824207492795,0.000259365994236311,0.0015850144092219,0.218156242194565,"C. sp. 65
 JU4093","FDI26.1","1",16.5806,1
"308","FDI26","JU4093","sp.65","FDI",3,28.1937,29.496059202944,1,0.11,1,0.44,0.26,0.65,"JU4093",2.3,0.9,5.5,"JU4093",0.000662824207492795,0.000259365994236311,0.0015850144092219,0.218156242194565,"C. sp. 65
 JU4093","FDI26.2","2",16.0541,1
"309","FDI26","JU4093","sp.65","FDI",3,28.1937,29.496059202944,1,0.11,1,0.44,0.26,0.65,"JU4093",2.3,0.9,5.5,"JU4093",0.000662824207492795,0.000259365994236311,0.0015850144092219,0.218156242194565,"C. sp. 65
 JU4093","FDI26.3","3",18.9074,1
"310","FDI26","JU4093","sp.65","FDI",3,28.1937,29.496059202944,1,0.11,1,0.44,0.26,0.65,"JU4093",2.3,0.9,5.5,"JU4093",0.000662824207492795,0.000259365994236311,0.0015850144092219,0.218156242194565,"C. sp. 65
 JU4093","FDI26.4","4",Inf,0
"311","FDI27","JU1873","wallacei","FDI",0,32.7459,33.3580200386522,0,0,1,0.03,0.01,0.12,"JU1873",17.7,6.1,45.9,"JU1873",0.00510086455331412,0.00175792507204611,0.0132276657060519,0,"C. wallacei
 JU1873","FDI27.1","1",Inf,0
"312","FDI28","JU1873","wallacei","FDI",1,34.3222,33.3580200386522,0,0,1,0.03,0.01,0.12,"JU1873",17.7,6.1,45.9,"JU1873",0.00510086455331412,0.00175792507204611,0.0132276657060519,0,"C. wallacei
 JU1873","FDI28.1","1",33.1897,1
"313","FDI28","JU1873","wallacei","FDI",1,34.3222,33.3580200386522,0,0,1,0.03,0.01,0.12,"JU1873",17.7,6.1,45.9,"JU1873",0.00510086455331412,0.00175792507204611,0.0132276657060519,0,"C. wallacei
 JU1873","FDI28.2","2",Inf,0
"314","FDI29","JU1873","wallacei","FDI",1,34.26065,32.9015898953674,0,0,0.43,0.12,0.04,0.26,"JU1873",17.7,6.1,45.9,"JU1873",0.00510086455331412,0.00175792507204611,0.0132276657060519,0,"C. wallacei
 JU1873","FDI29.1","1",16.4858,1
"315","FDI29","JU1873","wallacei","FDI",1,34.26065,32.9015898953674,0,0,0.43,0.12,0.04,0.26,"JU1873",17.7,6.1,45.9,"JU1873",0.00510086455331412,0.00175792507204611,0.0132276657060519,0,"C. wallacei
 JU1873","FDI29.2","2",Inf,0
"316","FDI3","ZF1092","sp.25","FDI",0,32.7933,32.0313970956258,0,0,1,0.19,0.04,0.49,"ZF1092",0.5,0.1,1.9,"ZF1092",0.000144092219020173,2.88184438040346e-05,0.000547550432276657,0,"C. sp. 25
 ZF1092","FDI3.1","1",Inf,0
"317","FDI30","JU1873","wallacei","FDI",1,25.005,33.3580200386522,0,0,1,0.03,0.01,0.11,"JU1873",17.7,6.1,45.9,"JU1873",0.00510086455331412,0.00175792507204611,0.0132276657060519,0,"C. wallacei
 JU1873","FDI30.1","1",19.1093,1
"318","FDI30","JU1873","wallacei","FDI",1,25.005,33.3580200386522,0,0,1,0.03,0.01,0.11,"JU1873",17.7,6.1,45.9,"JU1873",0.00510086455331412,0.00175792507204611,0.0132276657060519,0,"C. wallacei
 JU1873","FDI30.2","2",Inf,0
"319","FDI31","VX80","latens","FDI",2,33.1034,30.5494146808936,0,0,1,0.03,0.01,0.12,"VX80",12.3,5.5,25.1,"VX80",0.00354466858789625,0.0015850144092219,0.00723342939481268,0,"C. latens
 VX80","FDI31.1","1",33.0008,1
"320","FDI31","VX80","latens","FDI",2,33.1034,30.5494146808936,0,0,1,0.03,0.01,0.12,"VX80",12.3,5.5,25.1,"VX80",0.00354466858789625,0.0015850144092219,0.00723342939481268,0,"C. latens
 VX80","FDI31.2","2",39.6842,1
"321","FDI4","ZF1092","sp.25","FDI",0,NA,32.9949718425604,1,0,1,0,0,0.16,"ZF1092",0.5,0.1,1.9,"ZF1092",0.000144092219020173,2.88184438040346e-05,0.000547550432276657,0,"C. sp. 25
 ZF1092","FDI4.1","1",Inf,0
"322","FDI5","ZF1092","sp.25","FDI",1,27.0833,32.3356838578157,0,0,0.97,0.13,0.01,0.44,"ZF1092",0.5,0.1,1.9,"ZF1092",0.000144092219020173,2.88184438040346e-05,0.000547550432276657,0,"C. sp. 25
 ZF1092","FDI5.1","1",33.2884,1
"323","FDI5","ZF1092","sp.25","FDI",1,27.0833,32.3356838578157,0,0,0.97,0.13,0.01,0.44,"ZF1092",0.5,0.1,1.9,"ZF1092",0.000144092219020173,2.88184438040346e-05,0.000547550432276657,0,"C. sp. 25
 ZF1092","FDI5.2","2",Inf,0
"324","FDI6","ZF1092","sp.25","FDI",0,NA,32.9949718425604,1,0,1,0,0,0.14,"ZF1092",0.5,0.1,1.9,"ZF1092",0.000144092219020173,2.88184438040346e-05,0.000547550432276657,0,"C. sp. 25
 ZF1092","FDI6.1","1",Inf,0
"325","FDI7","JU1428","tropicalis","FDI",1,31.85905,30.1754321424842,0,0,0.24,0.19,0.09,0.35,"JU1428",66.5,18.1,218.3,"JU1428",0.019164265129683,0.00521613832853026,0.0629106628242075,0,"C. tropicalis
 JU1428","FDI7.1","1",29.4415,1
"326","FDI7","JU1428","tropicalis","FDI",1,31.85905,30.1754321424842,0,0,0.24,0.19,0.09,0.35,"JU1428",66.5,18.1,218.3,"JU1428",0.019164265129683,0.00521613832853026,0.0629106628242075,0,"C. tropicalis
 JU1428","FDI7.2","2",Inf,0
"327","FDI8","JU1428","tropicalis","FDI",0,34.983,30.9868635083238,0,0,1,0.03,0.01,0.12,"JU1428",66.5,18.1,218.3,"JU1428",0.019164265129683,0.00521613832853026,0.0629106628242075,0,"C. tropicalis
 JU1428","FDI8.1","1",Inf,0
"328","FDI9","JU1428","tropicalis","FDI",0,29.3614,30.9868635083238,0,0,1,0.03,0.01,0.12,"JU1428",66.5,18.1,218.3,"JU1428",0.019164265129683,0.00521613832853026,0.0629106628242075,0,"C. tropicalis
 JU1428","FDI9.1","1",Inf,0
